1O4UQX,"Air Mineral",,,,,,,,,,,,,
1O4UQW,"Kopi Susu Pagi Cup",,,,,,,,,,,,,
1O4UQV,"Kopi Susu Malam Cup",,,,,,,,,,,,,
1O4UQU,"Lemon Tea","Kopi Susu Malam Cup","Latte Ice",,,,,,,,,,,
1O4UQT,"Air Mineral","French Fries original","Chocolatte Cup","Americano Hot",,,,,,,,,,
1O4UQS,"Purple Breeze",,,,,,,,,,,,,
1O4UQR,"Salted Caramel with Coffee Jelly cup","Kopi Susu Pagi Cup",,,,,,,,,,,,
1O4UQQ,"Lasagna Small",,,,,,,,,,,,,
1O4UQP,"Salted Caramel with Coffee Jelly cup","Air Mineral",,,,,,,,,,,,
1O4UQO,"Hot Tea",,,,,,,,,,,,,
1O4UQN,"French Fries original","Kopi Susu Pagi Cup",,,,,,,,,,,,
1O4UQK,"Kopi Susu Pagi Cup","Macaroni Panggang Medium","Lychee Tea","Red Velvet Cup",,,,,,,,,,
1O4UQH,"Cappucino Ice",,,,,,,,,,,,,
1O4UQG,"Air Mineral",,,,,,,,,,,,,
1O4UQF,"Kopi Susu Pagi Cup",,,,,,,,,,,,,
1O4UQD,"Air Mineral","Kopi Susu Malam Cup","French Fries original","Kopi Susu Pagi Cup","Chocolatte Cup",,,,,,,,,
1O4UQC,"Kopi Susu Pagi Cup",,,,,,,,,,,,,
1O4UQB,"Lychee Tea","Kopi Susu Malam Cup",,,,,,,,,,,,
1O4UQA,"Kopi Susu Malam Cup",,,,,,,,,,,,,
1O4UQ9,"Caramel Macchiato Cup","Kopi Susu Pagi Cup",,,,,,,,,,,,
1O4UQ8,"Burger Single Pagikemalam",,,,,,,,,,,,,
1O4UQ7,"Kopi Susu Pagi Botol 1lt",,,,,,,,,,,,,
1O4UQ6,"Ayam Kegunting",,,,,,,,,,,,,
1O4UQ5,"Burger Single Pagikemalam","Ayam Kegunting",,,,,,,,,,,,
1O4UQ4,"Kopi Susu Pagi Botol 1lt",,,,,,,,,,,,,
1O4UQ3,"Kopi Susu Pagi Botol 250ml",,,,,,,,,,,,,
1O4UQ2,"Lemon Tea",,,,,,,,,,,,,
1O4UQ0,"Kopi Susu Pagi Cup",,,,,,,,,,,,,
1O4UPZ,"Cappucino Hot",,,,,,,,,,,,,
1O4UPY,"Ayam Kegunting",,,,,,,,,,,,,
1O4UPX,"Red Velvet Cup","Kopi Susu Pagi Cup",,,,,,,,,,,,
1O4UPW,"Kopi Susu Pagi Cup",,,,,,,,,,,,,
1O4UPV,"Cappucino Ice",,,,,,,,,,,,,
1O4UPU,"Kopi Susu Pagi Cup",,,,,,,,,,,,,
1O4UPT,"Lasagna Small","French Fries cheese",,,,,,,,,,,,
1O4UPS,"Kopi Susu Pagi Cup",,,,,,,,,,,,,
1O4UPR,"Kopi Susu Pagi Cup",,,,,,,,,,,,,
1O4UPQ,"Air Mineral","Kopi Susu Pagi Cup","Ayam Kegunting",,,,,,,,,,,
1O4UPP,"Salmon Mentai Rice Medium",,,,,,,,,,,,,
1O4UPO,"Kopi Susu Pagi Cup",,,,,,,,,,,,,
1O4UPN,"Kopi Susu Pagi Cup","Ayam Kegunting",,,,,,,,,,,,
1O4UPM,"Lasagna Small","Salted Caramel with Coffee Jelly cup","Hazelnut Latte","Cookies n Cream","Cappucino Ice","Kopi Susu Malam Cup",,,,,,,,
1O4UPL,"Kopi Susu Pagi Cup",,,,,,,,,,,,,
1O4UPK,"Air Mineral",,,,,,,,,,,,,
1O4UPJ,"Es teh manis","Salted Caramel with Coffee Jelly cup","Red Velvet Cup",,,,,,,,,,,
1O4UPI,"Kopi Susu Pagi Cup",,,,,,,,,,,,,
1O4UPH,"Americano Ice",,,,,,,,,,,,,
1O4UPF,"Kopi Susu Malam Cup",,,,,,,,,,,,,
1O4UPE,"Americano Hot",,,,,,,,,,,,,
1O4UPD,"Kopi Susu Pagi Cup",,,,,,,,,,,,,
1O4UPC,"Ayam Kegunting",,,,,,,,,,,,,
1O4UPB,"Hazelnut Latte",,,,,,,,,,,,,
1O4UPA,"Kopi Susu Pagi Cup",,,,,,,,,,,,,
1O4UP9,"Kopi Susu Pagi Cup",,,,,,,,,,,,,
1O4UP8,"Rum Regal","Red Velvet Cup","Cookies n Cream",,,,,,,,,,,
1O4UP7,"Kopi Susu Pagi Cup",,,,,,,,,,,,,
1O4UP6,"Salmon Mentai Rice Medium",,,,,,,,,,,,,
1O4UP5,"Chicken Mentai Shirataki Small","Strawberry Milky Rum with Coffee Jelly","Lychee Tea","Manual Brew Hot",,,,,,,,,,
1O4UP4,"Ayam Kegunting",,,,,,,,,,,,,
1O4UP3,"Ayam Kegunting","Salted Caramel with Coffee Jelly cup",,,,,,,,,,,,
1O4UP2,"Kopi Susu Pagi Cup",,,,,,,,,,,,,
1O4UP1,"Air Mineral",,,,,,,,,,,,,
1O4UP0,"Ayam Kegunting",,,,,,,,,,,,,
1O4UOZ,Espresso,"Salted Caramel with Coffee Jelly cup",,,,,,,,,,,,
1O4UOY,"Red Velvet Cup","Kopi Susu Pagi Cup",,,,,,,,,,,,
1O4UOX,"Kopi Susu Pagi Cup",,,,,,,,,,,,,
1O4UOW,"Lasagna Small",,,,,,,,,,,,,
1O4UOV,"Salmon Mentai Rice Medium","Lychee Tea","Air Mineral","Ayam Kegunting",,,,,,,,,,
1O4UOU,"Kopi Susu Malam Cup",,,,,,,,,,,,,
1O4UOT,"Air Mineral",,,,,,,,,,,,,
1O4UOS,"Kopi Susu Malam Cup",,,,,,,,,,,,,
1O4UOR,"Kopi Susu Pagi Cup","Kopi Susu Malam Cup",,,,,,,,,,,,
1O4UOQ,"Ayam Kegunting","Caramel Macchiato Cup",,,,,,,,,,,,
1O4UOP,"Ayam Kegunting","Hazelnut Latte",,,,,,,,,,,,
1O4UON,"Kopi Susu Pagi Cup",,,,,,,,,,,,,
1O4UOM,"Americano Hot","Kopi Susu Pagi Botol 1lt",,,,,,,,,,,,
1O4UOL,"Hazelnut Latte",,,,,,,,,,,,,
1O4UOK,"Kopi Susu Pagi Cup",,,,,,,,,,,,,
1O4UOJ,"Lasagna Medium","Lasagna Small",,,,,,,,,,,,
1O4UOI,"Purple Breeze",,,,,,,,,,,,,
1O4UOH,"Kopi Susu Pagi Cup",,,,,,,,,,,,,
1O4UOG,"Americano Hot",,,,,,,,,,,,,
1O4UOF,"Es teh tawar","Kopi Susu Pagi Cup",,,,,,,,,,,,
1O4UOE,"Air Mineral","Kopi Susu Pisang Cup","Kopi Susu Pagi Cup",,,,,,,,,,,
1O4UOD,"Kopi Susu Pagi Botol 1lt","Burger Double Pagikemalam",,,,,,,,,,,,
1O4UOC,"Cappucino Hot",,,,,,,,,,,,,
1O4UOB,"Kopi Susu Pagi Cup",,,,,,,,,,,,,
1O4UOA,"Cookies n Cream","Ayam Kegunting",,,,,,,,,,,,
1O4UO9,"Hot Tea","Ayam Kegunting","Lychee Tea",,,,,,,,,,,
1O4UO8,"French Fries original","Strawberry Milky Rum with Coffee Jelly",,,,,,,,,,,,
1O4UO7,"French Fries cheese","Kopi Susu Malam Cup","Strawberry Tea",,,,,,,,,,,
1O4UO6,"Chocolatte Cup",,,,,,,,,,,,,
1O4UO4,"Strawberry Milky Rum with Coffee Jelly","Purple Breeze",,,,,,,,,,,,
1O4UO3,"Kopi Susu Pagi Cup","Kopi Susu Malam Cup",,,,,,,,,,,,
1O4UO2,"Purple Breeze",,,,,,,,,,,,,
1O4UO0,"Kopi Susu Pagi Cup",,,,,,,,,,,,,
1O4UNZ,"Purple Breeze","Kopi Susu Pagi Cup",,,,,,,,,,,,
1O4UNY,"Kopi Susu Pagi Cup",,,,,,,,,,,,,
1O4UNV,"Air Mineral","Kopi Susu Pagi Cup",,,,,,,,,,,,
1O4UNU,"Kopi Susu Pagi Cup",,,,,,,,,,,,,
1O4UNS,"Kopi Susu Malam Botol 1lt",,,,,,,,,,,,,
1O4UNQ,"Latte Ice",,,,,,,,,,,,,
1O4UNP,"Kopi Susu Pagi Cup","Kopi Susu Malam Cup",,,,,,,,,,,,
1O4UNO,"Peach Tea","Lychee Tea",,,,,,,,,,,,
1O4UNN,Espresso,,,,,,,,,,,,,
1O4UNM,"Kopi Susu Pagi Cup",,,,,,,,,,,,,
1O4UNL,"Lasagna Small",,,,,,,,,,,,,
1O4UNK,"Kopi Susu Pagi Cup",,,,,,,,,,,,,
1O4UNJ,"Lychee Tea","Ayam Kegunting","Peach Tea",,,,,,,,,,,
1O4UNI,"Kopi Susu Pagi Cup",,,,,,,,,,,,,
1O4UNH,"Chocolatte Cup","Americano Hot","Kopi Susu Pagi Cup","Ayam Kegunting","Cappucino Ice",,,,,,,,,
1O4UNG,"Ayam Kegunting","Peach Tea","Hot Tea",,,,,,,,,,,
1O4UNF,"Kopi Susu Pagi Botol 250ml",,,,,,,,,,,,,
1O4UNE,"Kopi Susu Pagi Cup",,,,,,,,,,,,,
1O4UNC,"Lasagna Small",,,,,,,,,,,,,
1O4UNB,"Kopi Susu Pagi Cup",,,,,,,,,,,,,
1O4UNA,"Air Mineral","Ayam Kegunting",,,,,,,,,,,,
1O4UN9,"Air Mineral","Burger Single Mentai",,,,,,,,,,,,
1O4UN8,"Latte Ice",,,,,,,,,,,,,
1O4UN7,"Salmon Mentai Rice Medium","Kopi Susu Pagi Cup",,,,,,,,,,,,
1O4UN6,"Matcha Latte Cup","Salmon Mentai Rice Medium",,,,,,,,,,,,
1O4UN5,"Purple Breeze","Peach Tea",,,,,,,,,,,,
1O4UN4,"Matcha Latte Cup",,,,,,,,,,,,,
1O4UN3,"Air Mineral",,,,,,,,,,,,,
1O4UN2,"Ayam Kegunting","Salted Caramel with Coffee Jelly cup","Purple Breeze",,,,,,,,,,,
1O4UN1,"Kopi Susu Pagi Cup",,,,,,,,,,,,,
1O4UN0,"Kopi Susu Pagi Cup",,,,,,,,,,,,,
1O4UMZ,"Kopi Susu Pagi Cup",,,,,,,,,,,,,
1O4UMY,"Kopi Susu Malam Cup",,,,,,,,,,,,,
1O4UMX,"Kopi Susu Pagi Cup",,,,,,,,,,,,,
1O4UMW,"Kopi Susu Pagi Cup",,,,,,,,,,,,,
1O4UMV,"Chocolatte Cup","Kopi Susu Pagi Cup",,,,,,,,,,,,
1O4UMU,"Americano Ice",,,,,,,,,,,,,
1O4UMT,"Air Mineral","Kopi Susu Pagi Cup","Ayam Kegunting",,,,,,,,,,,
1O4UMS,"Kopi Susu Pagi Botol 250ml","Hot Tea","French Fries original",,,,,,,,,,,
1O4UMQ,"Kopi Susu Pagi Cup",,,,,,,,,,,,,
1O4UMP,"Red Velvet Cup",,,,,,,,,,,,,
1O4UMO,"Ayam Kegunting",,,,,,,,,,,,,
1O4UMN,"Kopi Susu Pagi Cup","Kopi Susu Pisang Cup",,,,,,,,,,,,
1O4UMM,"Manual Brew Hot",,,,,,,,,,,,,
1O4UML,"Latte Ice","Americano Hot","Cookies n Cream",,,,,,,,,,,
1O4UMK,"French Fries cheese","Hot Tea","Kopi Susu Pagi Cup",,,,,,,,,,,
1O4UMJ,"Caramel Macchiato Cup","Air Mineral","Ayam Kegunting","Cookies n Cream",,,,,,,,,,
1O4UMI,"Kopi Susu Pagi Cup",,,,,,,,,,,,,
1O4UMH,"Air Mineral","Peach Tea",,,,,,,,,,,,
1O4UMG,"Peach Tea","Lychee Tea","Kopi Susu Pagi Cup",,,,,,,,,,,
1O4UMF,"Air Mineral","Lemon Tea",,,,,,,,,,,,
1O4UME,"Lychee Tea","Kopi Susu Pagi Cup",,,,,,,,,,,,
1O4UMD,"Red Velvet Cup","Kopi Susu Pagi Botol 1lt",,,,,,,,,,,,
1O4UMC,"Kopi Susu Malam Cup",,,,,,,,,,,,,
1O4UMB,"Kopi Susu Pagi Cup","Cookies n Cream","Ayam Kegunting","Burger Single Pagikemalam","Strawberry Tea",,,,,,,,,
1O4UMA,"Kopi Susu Pagi Botol 250ml",,,,,,,,,,,,,
1O4UM9,"Kopi Susu Pagi Cup",,,,,,,,,,,,,
1O4UM8,"Air Mineral","Lychee Tea","Kopi Susu Pisang Cup",,,,,,,,,,,
1O4UM7,"Hot Tea","Lasagna Small",,,,,,,,,,,,
1O4UM6,"Kopi Susu Pagi Cup",,,,,,,,,,,,,
1O4UM4,"Kopi Susu Pisang Cup","Kopi Susu Pagi Cup",,,,,,,,,,,,
1O4UM3,"Ayam Kegunting","Kopi Susu Pagi Cup",,,,,,,,,,,,
1O4UM1,"Lemon Tea",,,,,,,,,,,,,
1O4UM0,"Kopi Susu Pagi Botol 250ml",,,,,,,,,,,,,
1O4ULZ,"Kopi Susu Pagi Cup",,,,,,,,,,,,,
1O4ULY,"Macaroni Panggang Medium","Lasagna Medium","Burger Single Pagikemalam","Kopi Susu Pagi Cup",,,,,,,,,,
1O4ULX,Espresso,,,,,,,,,,,,,
1O4ULW,"Salmon Mentai Rice Medium",,,,,,,,,,,,,
1O4ULV,"Es teh manis",,,,,,,,,,,,,
1O4ULU,"Kopi Susu Pagi Cup",,,,,,,,,,,,,
1O4ULT,"Chocolatte Cup","Air Mineral","Peach Tea","Americano Hot",,,,,,,,,,
1O4ULS,"Kopi Susu Pagi Botol 1lt",,,,,,,,,,,,,
1O4ULR,"Kopi Susu Pagi Cup",,,,,,,,,,,,,
1O4ULQ,"Cappucino Hot",,,,,,,,,,,,,
1O4ULO,"Air Mineral","Strawberry Tea",,,,,,,,,,,,
1O4ULN,"Lychee Tea",,,,,,,,,,,,,
1O4ULM,"Kopi Susu Malam Cup",,,,,,,,,,,,,
1O4ULL,"Manual Brew Hot",,,,,,,,,,,,,
1O4ULK,"Air Mineral",,,,,,,,,,,,,
1O4ULI,"Salted Caramel with Coffee Jelly cup","Lychee Tea","Ayam Kegunting",,,,,,,,,,,
1O4ULH,"Kopi Susu Pagi Cup",,,,,,,,,,,,,
1O4ULG,"Cappucino Hot","Kopi Susu Malam Cup",,,,,,,,,,,,
1O4ULF,"Lemon Tea",,,,,,,,,,,,,
1O4ULE,"Kopi Susu Pagi Botol 250ml",,,,,,,,,,,,,
1O4ULD,"Kopi Susu Malam Cup",,,,,,,,,,,,,
1O4ULC,"Kopi Susu Malam Cup","Burger Single Blackpepper",,,,,,,,,,,,
1O4ULB,"Kopi Susu Pagi Cup",,,,,,,,,,,,,
1O4ULA,"Ayam Kegunting",,,,,,,,,,,,,
1O4UL9,"Salted Caramel with Coffee Jelly cup","Ayam Kegunting",,,,,,,,,,,,
1O4UL8,"Manual Brew Hot",,,,,,,,,,,,,
1O4UL7,"Air Mineral","Kopi Susu Pisang Cup","Burger Single Pagikemalam",,,,,,,,,,,
1O4UL5,"Kopi Susu Malam Cup",,,,,,,,,,,,,
1O4UL4,"Kopi Susu Malam Cup",,,,,,,,,,,,,
1O4UL3,"Kopi Susu Pagi Cup",,,,,,,,,,,,,
1O4UL2,"French Fries original","Kopi Susu Pagi Cup","Ayam Kegunting",,,,,,,,,,,
1O4UL1,"Lychee Tea","French Fries original","Strawberry Milky Rum with Coffee Jelly",,,,,,,,,,,
1O4UL0,"Ayam Kegunting","Caramel Macchiato Cup",,,,,,,,,,,,
1O4UKY,"Burger Single Pagikemalam",,,,,,,,,,,,,
1O4UKX,"Kopi Susu Pagi Cup",,,,,,,,,,,,,
1O4UKV,"Kopi Susu Pagi Cup",,,,,,,,,,,,,
1O4UKU,"Kopi Susu Pagi Cup",,,,,,,,,,,,,
1O4UKT,"Kopi Susu Pagi Botol 1lt",,,,,,,,,,,,,
1O4UKS,"Air Mineral","Burger Single Pagikemalam","Salted Caramel with Coffee Jelly cup",,,,,,,,,,,
1O4UKR,"Salted Caramel with Coffee Jelly cup",,,,,,,,,,,,,
1O4UKQ,"Kopi Susu Pagi Cup",,,,,,,,,,,,,
1O4UKO,"Latte Ice",,,,,,,,,,,,,
1O4UKN,"Kopi Susu Pagi Cup","Cappucino Ice",,,,,,,,,,,,
1O4UKM,"Kopi Susu Pisang Cup",,,,,,,,,,,,,
1O4UKJ,"Peach Tea","Lychee Tea","Kopi Susu Pagi Cup",,,,,,,,,,,
1O4UKI,"Latte Hot",,,,,,,,,,,,,
1O4UKH,"Kopi Susu Pagi Cup",,,,,,,,,,,,,
1O4UKG,"Kopi Susu Pagi Cup",,,,,,,,,,,,,
1O4UKF,"Ayam Kegunting",,,,,,,,,,,,,
1O4UKE,"Air Mineral","Lychee Tea",,,,,,,,,,,,
1O4UKD,"Air Mineral","Kopi Susu Pagi Cup",,,,,,,,,,,,
1O4UKC,"Lychee Tea","Peach Tea",,,,,,,,,,,,
1O4UKB,"Cappucino Ice",,,,,,,,,,,,,
1O4UKA,"Kopi Susu Pagi Cup",,,,,,,,,,,,,
1O4UK9,"Salted Caramel with Coffee Jelly cup","Strawberry Milky Rum with Coffee Jelly","Purple Breeze","Air Mineral",,,,,,,,,,
1O4UK8,"Cappucino Hot",,,,,,,,,,,,,
1O4UK7,"Latte Ice","Kopi Susu Pagi Cup",,,,,,,,,,,,
1O4UK6,"Kopi Susu Pagi Botol 1lt",,,,,,,,,,,,,
1O4UK4,"Salmon Mentai Rice Medium","Americano Hot","Strawberry Tea",,,,,,,,,,,
1O4UK3,"Salmon Mentai Rice Small","Salmon Mentai Rice Medium",,,,,,,,,,,,
1O4UK2,"Kopi Susu Pagi Cup",,,,,,,,,,,,,
1O4UK1,"Kopi Susu Pisang Cup","Lychee Tea","Manual Brew Hot",,,,,,,,,,,
1O4UK0,"Matcha Latte Botol 250ml","Ayam Kegunting","Kopi Susu Pagi Botol 250ml","Cookies n Cream",,,,,,,,,,
1O4UJZ,"Ayam Kegunting","Macaroni Panggang Small","Burger Single Mentai","Red Velvet Cup",,,,,,,,,,
1O4UJY,"Caramel Macchiato Cup","Kopi Susu Pagi Cup",,,,,,,,,,,,
1O4UJX,"Cappucino Hot",,,,,,,,,,,,,
1O4UJW,"Kopi Susu Malam Cup",,,,,,,,,,,,,
1O4UJV,"Lychee Tea","Air Mineral","Cookies n Cream",,,,,,,,,,,
1O4UJU,"Cookies n Cream","Chocolatte Cup","Kopi Susu Pagi Cup",,,,,,,,,,,
1O4UJS,"Burger Single Pagikemalam","Kopi Susu Pagi Cup",,,,,,,,,,,,
1O4UJR,"Lychee Tea","Salted Caramel with Coffee Jelly cup","Kopi Susu Pagi Cup",,,,,,,,,,,
1O4UJP,"Lasagna Medium","Kopi Susu Malam Cup",,,,,,,,,,,,
1O4UJO,"Lychee Tea","Purple Breeze","Matcha Latte Cup",,,,,,,,,,,
1O4UJN,"Ayam Kegunting","Hazelnut Latte",,,,,,,,,,,,
1O4UJM,"Burger Double Pagikemalam","Ayam Kegunting",,,,,,,,,,,,
1O4UJL,"Kopi Susu Pagi Cup",,,,,,,,,,,,,
1O4UJK,"Kopi Susu Malam Cup",,,,,,,,,,,,,
1O4UJJ,"Es teh manis",,,,,,,,,,,,,
1O4UJI,"Salted Caramel with Coffee Jelly cup",,,,,,,,,,,,,
1O4UJH,"Burger Single Blackpepper",,,,,,,,,,,,,
1O4UJG,"Burger Single Pagikemalam",,,,,,,,,,,,,
1O4UJF,"Manual Brew Hot",,,,,,,,,,,,,
1O4UJD,"Air Mineral","Latte Hot","Ayam Kegunting",,,,,,,,,,,
1O4UJC,"Burger Single Pagikemalam","Ayam Kegunting",,,,,,,,,,,,
1O4UJB,"Salted Caramel with Coffee Jelly cup","Lychee Tea","Kopi Susu Pagi Cup",,,,,,,,,,,
1O4UJA,"Kopi Susu Pagi Cup","Lasagna Medium",,,,,,,,,,,,
1O4UJ8,"Kopi Susu Pagi Botol 250ml","Macaroni Panggang Small",,,,,,,,,,,,
1O4UJ7,"Kopi Susu Pagi Botol 250ml",,,,,,,,,,,,,
1O4UJ6,"Kopi Susu Pagi Cup",,,,,,,,,,,,,
1O4UJ5,"Latte Ice",,,,,,,,,,,,,
1O4UJ4,"Kopi Susu Pagi Cup",,,,,,,,,,,,,
1O4UJ3,"Kopi Susu Pagi Cup",,,,,,,,,,,,,
1O4UJ2,"French Fries original","Kopi Susu Pagi Cup",,,,,,,,,,,,
1O4UJ1,"Kopi Susu Pagi Cup",,,,,,,,,,,,,
1O4UJ0,"Ayam Kegunting","Air Mineral",,,,,,,,,,,,
1O4UIZ,"Peach Tea",,,,,,,,,,,,,
1O4UIY,"Kopi Susu Pisang Cup",,,,,,,,,,,,,
1O4UIX,"Kopi Susu Pagi Cup",,,,,,,,,,,,,
1O4UIV,"Kopi Susu Pagi Botol 250ml","Kopi Susu Pagi Cup",,,,,,,,,,,,
1O4UIU,"Kopi Susu Pagi Botol 1lt",,,,,,,,,,,,,
1O4UIS,"Kopi Susu Malam Cup",,,,,,,,,,,,,
1O4UIR,"Kopi Susu Pagi Botol 250ml","Burger Double Pagikemalam","Lasagna Small","Salmon Mentai Shirataki Medium",,,,,,,,,,
1O4UIQ,"Kopi Susu Pagi Botol 250ml",,,,,,,,,,,,,
1O4UIO,"Burger Single Pagikemalam","Kopi Susu Pagi Cup",,,,,,,,,,,,
1O4UIN,"Kopi Susu Pagi Cup",,,,,,,,,,,,,
1O4UIM,"Lemon Tea","French Fries original",,,,,,,,,,,,
1O4UIL,"Kopi Susu Malam Cup",,,,,,,,,,,,,
1O4UIK,"Kopi Susu Pagi Cup",,,,,,,,,,,,,
1O4UIJ,"Kopi Susu Malam Cup","Americano Hot","Manual Brew Hot","Kopi Susu Pagi Cup","French Fries original","Ayam Kegunting","Rum Regal",,,,,,,
1O4UII,"Kopi Susu Pagi Cup","Air Mineral","Ayam Kegunting","Strawberry Tea",,,,,,,,,,
1O4UIG,"Kopi Susu Pagi Cup","Caramel Macchiato Cup",,,,,,,,,,,,
1O4UIF,"Burger Single Pagikemalam","Lasagna Small","Macaroni Panggang Small",,,,,,,,,,,
1O4UIC,"Burger Single Pagikemalam",,,,,,,,,,,,,
1O4UIB,"Cookies n Cream","Lychee Tea","Kopi Susu Malam Cup",,,,,,,,,,,
1O4UI9,"Salmon Mentai Rice Medium",,,,,,,,,,,,,
1O4UI8,"Air Mineral","Kopi Susu Malam Cup",,,,,,,,,,,,
1O4UI7,"Ayam Kegunting","French Fries original","Salted Caramel with Coffee Jelly cup","Purple Breeze","Cookies n Cream","Red Velvet Botol 250ml","Salted Caramel with Coffee Jelly botol 250ml","Strawberry Milky Rum with Coffee Jelly",,,,,,
1O4UI6,"Kopi Susu Pagi Cup","Kopi Susu Pagi Botol 250ml",,,,,,,,,,,,
1O4UI5,"Kopi Susu Pagi Cup","Purple Breeze",,,,,,,,,,,,
1O4UI3,"Ayam Kegunting","Salmon Mentai Shirataki Small",,,,,,,,,,,,
1O4UI2,"Ayam Kegunting",,,,,,,,,,,,,
1O4UI1,"Kopi Susu Pagi Cup",,,,,,,,,,,,,
1O4UHZ,"Latte Ice",,,,,,,,,,,,,
1O4UHY,"Kopi Susu Pagi Cup",,,,,,,,,,,,,
1O4UHW,"Peach Tea",,,,,,,,,,,,,
1O4UHV,"Salted Caramel with Coffee Jelly cup",,,,,,,,,,,,,
1O4UHU,"Kopi Susu Malam Cup",,,,,,,,,,,,,
1O4UHT,"Lychee Tea",,,,,,,,,,,,,
1O4UHR,"Cookies n Cream","Lychee Tea","Air Mineral",,,,,,,,,,,
1O4UHQ,"Air Mineral","Kopi Susu Pagi Cup",,,,,,,,,,,,
1O4UHP,"Lychee Tea","Ayam Kegunting",,,,,,,,,,,,
1O4UHO,"Kopi Susu Pagi Cup",,,,,,,,,,,,,
1O4UHN,"Kopi Susu Pisang Cup",,,,,,,,,,,,,
1O4UHL,"Kopi Susu Pagi Cup",,,,,,,,,,,,,
1O4UHK,"Kopi Susu Pagi Botol 1lt","Rum Regal","Lychee Tea","Peach Tea",,,,,,,,,,
1O4UHJ,"Kopi Susu Pagi Cup",,,,,,,,,,,,,
1O4UHI,"Lasagna Medium",,,,,,,,,,,,,
1O4UHH,"Kopi Susu Pisang Cup",,,,,,,,,,,,,
1O4UHF,"Kopi Susu Pagi Cup",,,,,,,,,,,,,
1O4UHE,"Cappucino Ice","Burger Double Pagikemalam",,,,,,,,,,,,
1O4UHC,"Salted Caramel with Coffee Jelly cup","Burger Single Pagikemalam","Kopi Susu Pagi Cup","Lychee Tea",,,,,,,,,,
1O4UHA,"Kopi Susu Pisang Cup","Kopi Susu Malam Cup",,,,,,,,,,,,
1O4UH9,"Kopi Susu Pagi Cup",,,,,,,,,,,,,
1O4UH8,"Kopi Susu Pagi Cup","Hot Tea",,,,,,,,,,,,
1O4UH7,"Lemon Tea","Ayam Kegunting",,,,,,,,,,,,
1O4UH6,"Kopi Susu Pagi Cup",,,,,,,,,,,,,
1O4UH5,"Air Mineral","Strawberry Tea","Ayam Kegunting","Kopi Susu Pagi Cup",,,,,,,,,,
1O4UH4,"Kopi Susu Pagi Cup","Es teh tawar","Air Mineral",,,,,,,,,,,
1O4UH3,"Latte Ice",,,,,,,,,,,,,
1O4UH2,"Strawberry Milky Rum with Coffee Jelly",,,,,,,,,,,,,
1O4UH1,"Kopi Susu Pagi Cup",,,,,,,,,,,,,
1O4UH0,"Salmon Mentai Rice Medium","French Fries cheese","Salted Caramel with Coffee Jelly cup","Hazelnut Latte","Air Mineral",,,,,,,,,
1O4UGZ,"Kopi Susu Malam Cup",,,,,,,,,,,,,
1O4UGY,"Kopi Susu Pagi Cup",,,,,,,,,,,,,
1O4UGX,"Kopi Susu Pagi Cup",,,,,,,,,,,,,
1O4UGW,"Kopi Susu Pisang Cup",,,,,,,,,,,,,
1O4UGV,"Chocolatte Cup",,,,,,,,,,,,,
1O4UGU,"Salmon Mentai Rice Small","Air Mineral",,,,,,,,,,,,
1O4UGT,"Cookies n Cream",,,,,,,,,,,,,
1O4UGS,"Burger Single Pagikemalam",,,,,,,,,,,,,
1O4UGR,"Kopi Susu Pagi Cup",,,,,,,,,,,,,
1O4UGQ,"Salmon Mentai Rice Medium","Peach Tea","Lemon Tea","French Fries original","Burger Single Pagikemalam","Lychee Tea","Kopi Susu Pagi Cup",,,,,,,
1O4UGP,"Salmon Mentai Shirataki Medium",,,,,,,,,,,,,
1O4UGO,"Hazelnut Latte","Strawberry Milky Rum with Coffee Jelly",,,,,,,,,,,,
1O4UGN,"Kopi Susu Pagi Cup","Lychee Tea","Peach Tea",,,,,,,,,,,
1O4UGM,"Kopi Susu Pagi Cup",,,,,,,,,,,,,
1O4UGL,"Kopi Susu Pagi Cup",,,,,,,,,,,,,
1O4UGK,"Kopi Susu Pagi Cup",,,,,,,,,,,,,
1O4UGJ,"Kopi Susu Pagi Cup",,,,,,,,,,,,,
1O4UGI,"Lychee Tea","Americano Hot","Kopi Susu Malam Cup","Air Mineral",,,,,,,,,,
1O4UGH,"Kopi Susu Pagi Cup","Strawberry Tea",,,,,,,,,,,,
1O4UGG,"Es teh tawar","Kopi Susu Pagi Cup",,,,,,,,,,,,
1O4UGF,"Salmon Mentai Rice Medium","Lychee Tea",,,,,,,,,,,,
1O4UGE,"Lychee Tea","Kopi Susu Pagi Cup",,,,,,,,,,,,
1O4UGD,"Purple Breeze","Ayam Kegunting","Strawberry Tea","Air Mineral","Kopi Susu Pagi Cup",,,,,,,,,
1O4UGC,"Ayam Kegunting",,,,,,,,,,,,,
1O4UGB,"Kopi Susu Malam Cup","Latte Ice",,,,,,,,,,,,
1O4UG9,"Macaroni Panggang Medium","Lasagna Medium","Burger Single Pagikemalam","Burger Single Mentai","Kopi Susu Pagi Botol 1lt",,,,,,,,,
1O4UG8,"Kopi Susu Pisang Cup",,,,,,,,,,,,,
1O4UG7,"Kopi Susu Pagi Cup","French Fries original",,,,,,,,,,,,
1O4UG5,"Kopi Susu Pagi Cup",,,,,,,,,,,,,
1O4UG4,"Kopi Susu Pagi Botol 1lt",,,,,,,,,,,,,
1O4UG3,"Kopi Susu Pagi Cup",,,,,,,,,,,,,
1O4UG2,"Kopi Susu Pagi Cup",,,,,,,,,,,,,
1O4UG1,"Lychee Tea",,,,,,,,,,,,,
1O4UG0,"Kopi Susu Malam Cup","Air Mineral","Americano Hot","Chocolatte Cup",,,,,,,,,,
1O4UFY,"Kopi Susu Pagi Cup",,,,,,,,,,,,,
1O4UFX,"Kopi Susu Pagi Cup","Purple Breeze",,,,,,,,,,,,
1O4UFW,"Kopi Susu Malam Cup",,,,,,,,,,,,,
1O4UFV,"Cappucino Hot","Kopi Susu Pagi Cup",,,,,,,,,,,,
1O4UFU,"Ayam Kegunting",,,,,,,,,,,,,
1O4UFT,"Burger Single Pagikemalam","Burger Double Pagikemalam","Kopi Susu Malam Cup",,,,,,,,,,,
1O4UFS,"Kopi Susu Malam Cup","Kopi Susu Pagi Cup",,,,,,,,,,,,
1O4UFR,"Kopi Susu Malam Cup",,,,,,,,,,,,,
1O4UFQ,"Lasagna Medium",,,,,,,,,,,,,
1O4UFP,"Kopi Susu Malam Cup",,,,,,,,,,,,,
1O4UFO,"Chocolatte Cup",,,,,,,,,,,,,
1O4UFN,"Kopi Susu Pagi Cup",,,,,,,,,,,,,
1O4UFM,"Ayam Kegunting","Strawberry Milky Rum with Coffee Jelly",,,,,,,,,,,,
1O4UFL,"Kopi Susu Pagi Cup","French Fries original","Ayam Kegunting","Lemon Tea",,,,,,,,,,
1O4UFK,"Cookies n Cream","Americano Ice","Ayam Kegunting","Strawberry Tea",,,,,,,,,,
1O4UFH,"Ayam Kegunting","Chicken Mentai Rice Medium",,,,,,,,,,,,
1O4UFG,"Kopi Susu Malam Cup","Kopi Susu Pagi Cup",,,,,,,,,,,,
1O4UFF,"Ayam Kegunting","Macaroni Panggang Medium",,,,,,,,,,,,
1O4UFE,"Lychee Tea",,,,,,,,,,,,,
1O4UFD,"Purple Breeze","Red Velvet Cup",,,,,,,,,,,,
1O4UFC,"Cappucino Ice","Salmon Mentai Rice Medium",,,,,,,,,,,,
1O4UFB,"Kopi Susu Pagi Cup",,,,,,,,,,,,,
1O4UF9,"Ayam Kegunting",,,,,,,,,,,,,
1O4UF8,"Kopi Susu Pisang Cup",,,,,,,,,,,,,
1O4UF7,"Americano Ice",,,,,,,,,,,,,
1O4UF6,"Ayam Kegunting",,,,,,,,,,,,,
1O4UF5,"Peach Tea",,,,,,,,,,,,,
1O4UF4,"Kopi Susu Pagi Cup","Kopi Susu Pagi Botol 1lt",,,,,,,,,,,,
1O4UF3,"Kopi Susu Pagi Cup","Salmon Mentai Shirataki Medium","Hazelnut Latte","Lychee Tea","Salmon Mentai Rice Medium",,,,,,,,,
1O4UF2,"Americano Ice",,,,,,,,,,,,,
1O4UF1,"Cookies n Cream",,,,,,,,,,,,,
1O4UF0,"Caramel Macchiato Cup",,,,,,,,,,,,,
1O4UEZ,"Burger Single Pagikemalam",,,,,,,,,,,,,
1O4UEY,"Lasagna Medium",,,,,,,,,,,,,
1O4UEX,"Cappucino Ice","Kopi Susu Malam Cup",,,,,,,,,,,,
1O4UEW,"Burger Single Pagikemalam",,,,,,,,,,,,,
1O4UEV,"Lemon Tea",,,,,,,,,,,,,
1O4UEU,"Kopi Susu Pagi Cup",,,,,,,,,,,,,
1O4UET,"Kopi Susu Malam Cup","Macaroni Panggang Small","Matcha Latte Cup",,,,,,,,,,,
1O4UES,"Kopi Susu Pagi Cup","Kopi Susu Pagi Botol 250ml","Ayam Kegunting",,,,,,,,,,,
1O4UER,"Kopi Susu Pagi Cup",,,,,,,,,,,,,
1O4UEQ,"Strawberry Milky Rum with Coffee Jelly","Kopi Susu Malam Cup",,,,,,,,,,,,
1O4UEP,"Strawberry Milky Rum with Coffee Jelly",,,,,,,,,,,,,
1O4UEO,"Kopi Susu Pagi Cup",,,,,,,,,,,,,
1O4UEN,"Ayam Kegunting",Tubruk,"Lychee Tea","Es teh manis","Salmon Mentai Shirataki Small","Kopi Susu Pagi Cup",,,,,,,,
1O4UEM,"Lychee Tea","Peach Tea",,,,,,,,,,,,
1O4UEL,"Kopi Susu Pagi Cup","Salmon Mentai Shirataki Small","Rum Regal",,,,,,,,,,,
1O4UEJ,"Chocolatte Cup","Cookies n Cream",,,,,,,,,,,,
1O4UEI,"Kopi Susu Pagi Cup","Matcha Latte Cup","Red Velvet Cup",,,,,,,,,,,
1O4UEH,"Kopi Susu Pagi Cup","Rum Regal",,,,,,,,,,,,
1O4UEF,"Rum Regal","Ayam Kegunting",,,,,,,,,,,,
1O4UEE,"Kopi Susu Pagi Cup",,,,,,,,,,,,,
1O4UED,"Ayam Kegunting",,,,,,,,,,,,,
1O4UEC,"Red Velvet Cup","Peach Tea","Matcha Latte Cup",,,,,,,,,,,
1O4UEB,"Salted Caramel with Coffee Jelly cup","Ayam Kegunting","Lychee Tea",,,,,,,,,,,
1O4UEA,"Ayam Kegunting","Salmon Mentai Shirataki Medium","Kopi Susu Pagi Botol 250ml",,,,,,,,,,,
1O4UE9,"Kopi Susu Pagi Cup","Red Velvet Cup",,,,,,,,,,,,
1O4UE8,"Salmon Mentai Rice Medium",,,,,,,,,,,,,
1O4UE7,"Kopi Susu Pagi Cup",,,,,,,,,,,,,
1O4UE6,"Kopi Susu Pagi Cup","Lychee Tea",,,,,,,,,,,,
1O4UE5,"Kopi Susu Malam Cup",,,,,,,,,,,,,
1O4UE4,"Kopi Susu Pagi Cup",,,,,,,,,,,,,
1O4UE3,"Ayam Kegunting",,,,,,,,,,,,,
1O4UE2,"Air Mineral",,,,,,,,,,,,,
1O4UE0,"Kopi Susu Pagi Botol 1lt",,,,,,,,,,,,,
1O4UDZ,"Kopi Susu Pisang Cup",,,,,,,,,,,,,
1O4UDY,"Air Mineral",,,,,,,,,,,,,
1O4UDW,"Kopi Susu Pagi Cup","Cookies n Cream",,,,,,,,,,,,
1O4UDV,"Salted Caramel with Coffee Jelly cup","Red Velvet Cup","Matcha Latte Cup","Lychee Tea","Kopi Susu Pagi Cup",,,,,,,,,
1O4UDU,"Salmon Mentai Rice Medium",,,,,,,,,,,,,
1O4UDS,"Kopi Susu Malam Cup",,,,,,,,,,,,,
1O4UDR,"Hazelnut Latte","Salted Caramel with Coffee Jelly cup",,,,,,,,,,,,
1O4UDQ,"Air Mineral","Lasagna Small",,,,,,,,,,,,
1O4UDP,"Strawberry Tea","Americano Hot","Kopi Susu Pagi Cup","Air Mineral",,,,,,,,,,
1O4UDO,"Kopi Susu Pagi Cup","Extra Shot","Lasagna Medium",,,,,,,,,,,
1O4UDN,"Kopi Susu Pagi Cup",,,,,,,,,,,,,
1O4UDM,"Americano Hot",,,,,,,,,,,,,
1O4UDL,"Kopi Susu Malam Cup","Americano Ice",,,,,,,,,,,,
1O4UDK,"Kopi Susu Pagi Cup","Salmon Mentai Rice Small",,,,,,,,,,,,
1O4UDJ,"Kopi Susu Malam Cup","Strawberry Tea",,,,,,,,,,,,
1O4UDI,"Kopi Susu Malam Cup","Ayam Kegunting","Kopi Susu Pisang Cup",,,,,,,,,,,
1O4UDH,"Kopi Susu Pagi Cup",,,,,,,,,,,,,
1O4UDG,"Kopi Susu Pagi Cup",,,,,,,,,,,,,
1O4UDF,"Kopi Susu Pagi Botol 250ml",,,,,,,,,,,,,
1O4UDE,"Americano Hot",,,,,,,,,,,,,
1O4UDB,"Kopi Susu Pagi Cup",,,,,,,,,,,,,
1O4UDA,"Salmon Mentai Rice Small",,,,,,,,,,,,,
1O4UD9,"Kopi Susu Pagi Cup",,,,,,,,,,,,,
1O4UD8,"Red Velvet Cup","Air Mineral",,,,,,,,,,,,
1O4UD7,"Extra Shot","Kopi Susu Pagi Cup",,,,,,,,,,,,
1O4UD6,"Kopi Susu Malam Cup","Kopi Susu Pagi Cup","Cappucino Ice",,,,,,,,,,,
1O4UD5,"Lychee Tea","Caramel Macchiato Cup",,,,,,,,,,,,
1O4UD4,"Kopi Susu Malam Cup","Kopi Susu Pagi Cup",,,,,,,,,,,,
1O4UD3,"Kopi Susu Pagi Botol 250ml",,,,,,,,,,,,,
1O4UD2,"Lemon Tea","Lychee Tea",,,,,,,,,,,,
1O4UD1,"Kopi Susu Pagi Cup",,,,,,,,,,,,,
1O4UD0,"Kopi Susu Pagi Cup",,,,,,,,,,,,,
1O4UCZ,"Rum Regal","Purple Breeze","Ayam Kegunting","Salmon Mentai Shirataki Small",,,,,,,,,,
1O4UCY,"Ayam Kegunting",,,,,,,,,,,,,
1O4UCX,"Kopi Susu Pagi Cup","Air Mineral","Strawberry Tea",,,,,,,,,,,
1O4UCW,"Lemon Tea","Purple Breeze",,,,,,,,,,,,
1O4UCV,"Rum Regal",,,,,,,,,,,,,
1O4UCU,"Kopi Susu Pagi Cup",,,,,,,,,,,,,
1O4UCS,"Latte Hot",,,,,,,,,,,,,
1O4UCR,"Burger Single Pagikemalam",,,,,,,,,,,,,
1O4UCQ,"Kopi Susu Pagi Cup",,,,,,,,,,,,,
1O4UCP,"Kopi Susu Pagi Cup","Purple Breeze",,,,,,,,,,,,
1O4UCO,"Kopi Susu Malam Cup","Kopi Susu Pagi Cup",,,,,,,,,,,,
1O4UCN,"Kopi Susu Pagi Cup","Kopi Susu Malam Cup","Latte Ice","Ayam Kegunting",,,,,,,,,,
1O4UCM,"Kopi Susu Pagi Cup",,,,,,,,,,,,,
1O4UCL,"Kopi Susu Pagi Cup",,,,,,,,,,,,,
1O4UCK,"Lemon Tea","Cookies n Cream","Ayam Kegunting",,,,,,,,,,,
1O4UCJ,"Kopi Susu Pagi Cup",,,,,,,,,,,,,
1O4UCI,"Kopi Susu Pagi Cup","Salmon Mentai Rice Medium",,,,,,,,,,,,
1O4UCH,"Air Mineral",,,,,,,,,,,,,
1O4UCG,"Kopi Susu Pagi Cup",,,,,,,,,,,,,
1O4UCF,"Kopi Susu Pisang Cup","Air Mineral","Red Velvet Cup",,,,,,,,,,,
1O4UCE,"Kopi Susu Malam Cup","Matcha Latte Cup",,,,,,,,,,,,
1O4UCD,"Kopi Susu Pagi Cup",,,,,,,,,,,,,
1O4UCC,"Kopi Susu Pagi Cup","Peach Tea",,,,,,,,,,,,
1O4UCB,"Salmon Mentai Rice Medium",,,,,,,,,,,,,
1O4UCA,"Kopi Susu Pagi Cup",,,,,,,,,,,,,
1O4UC9,"Kopi Susu Malam Cup","Kopi Susu Pagi Cup",,,,,,,,,,,,
1O4UC8,"Kopi Susu Pagi Botol 250ml",,,,,,,,,,,,,
1O4UC7,"Burger Single Pagikemalam","Burger Single Teriyaki","Lemon Tea","Cookies n Cream",,,,,,,,,,
1O4UC6,"Kopi Susu Pisang Cup",,,,,,,,,,,,,
1O4UC5,"Kopi Susu Pagi Cup","Ayam Kegunting",,,,,,,,,,,,
1O4UC4,"Lychee Tea","French Fries original",,,,,,,,,,,,
1O4UC3,"Lychee Tea",,,,,,,,,,,,,
1O4UC0,"French Fries cheese","Ayam Kegunting","Americano Ice","Latte Ice","Lychee Tea",,,,,,,,,
1O4UBZ,"Cookies n Cream","Kopi Susu Malam Cup","Lychee Tea",,,,,,,,,,,
1O4UBY,"Kopi Susu Pagi Cup",,,,,,,,,,,,,
1O4UBX,"Air Mineral","Kopi Susu Pagi Cup",,,,,,,,,,,,
1O4UBW,"Es teh tawar","Kopi Susu Pagi Cup","Air Mineral",,,,,,,,,,,
1O4UBV,"Purple Breeze",,,,,,,,,,,,,
1O4UBU,"Manual Brew Ice","Peach Tea",,,,,,,,,,,,
1O4UBT,"Kopi Susu Pagi Cup","Air Mineral",,,,,,,,,,,,
1O4UBS,"Kopi Susu Pagi Cup","Manual Brew Hot",,,,,,,,,,,,
1O4UBR,"Americano Hot","Matcha Latte Cup","Peach Tea",,,,,,,,,,,
1O4UBQ,"Kopi Susu Pagi Cup",,,,,,,,,,,,,
1O4UBP,"Kopi Susu Malam Cup",,,,,,,,,,,,,
1O4UBO,"Lychee Tea","Kopi Susu Pagi Cup","French Fries cheese",,,,,,,,,,,
1O4UBN,"Kopi Susu Pagi Botol 250ml","Salted Caramel with Coffee Jelly botol 250ml","Salmon Mentai Shirataki Medium",,,,,,,,,,,
1O4UBM,"Kopi Susu Malam Cup",,,,,,,,,,,,,
1O4UBL,"Hazelnut Latte","Kopi Susu Malam Cup",,,,,,,,,,,,
1O4UBK,"Burger Single Pagikemalam",,,,,,,,,,,,,
1O4UBJ,"Kopi Susu Pagi Cup",,,,,,,,,,,,,
1O4UBI,"Kopi Susu Pagi Botol 1lt",,,,,,,,,,,,,
1O4UBG,"Kopi Susu Pagi Cup",,,,,,,,,,,,,
1O4UBF,"Americano Hot",,,,,,,,,,,,,
1O4UBE,"Air Mineral","Kopi Susu Pisang Cup",,,,,,,,,,,,
1O4UBD,"Kopi Susu Pagi Cup","Burger Single Pagikemalam",,,,,,,,,,,,
1O4UBC,"Kopi Susu Pagi Botol 250ml","Strawberry Tea",,,,,,,,,,,,
1O4UBA,"Caramel Macchiato Cup",,,,,,,,,,,,,
1O4UB9,"Kopi Susu Pagi Cup",,,,,,,,,,,,,
1O4UB8,"Strawberry Tea",,,,,,,,,,,,,
1O4UB7,"Kopi Susu Pagi Cup",,,,,,,,,,,,,
1O4UB6,"Macaroni Panggang Small","Lasagna Small",,,,,,,,,,,,
1O4UB5,"Kopi Susu Pagi Cup",,,,,,,,,,,,,
1O4UB4,"Americano Hot","Air Mineral",,,,,,,,,,,,
1O4UB3,"Kopi Susu Malam Cup",,,,,,,,,,,,,
1O4UB2,"Kopi Susu Malam Cup","Kopi Susu Pisang Cup",,,,,,,,,,,,
1O4UB1,"Kopi Susu Pagi Cup","Air Mineral",,,,,,,,,,,,
1O4UB0,"Rum Regal","Americano Hot","Air Mineral","French Fries original","Chocolatte Cup",,,,,,,,,
1O4UAZ,"Ayam Kegunting","Burger Single Pagikemalam",,,,,,,,,,,,
1O4UAY,"Kopi Susu Malam Cup",,,,,,,,,,,,,
1O4UAX,"Kopi Susu Pagi Cup",,,,,,,,,,,,,
1O4UAW,"Air Mineral",,,,,,,,,,,,,
1O4UAV,"Kopi Susu Malam Cup","Kopi Susu Pagi Cup",,,,,,,,,,,,
1O4UAU,"Kopi Susu Malam Cup",,,,,,,,,,,,,
1O4UAT,"Kopi Susu Pagi Cup",,,,,,,,,,,,,
1O4UAS,"Ayam Kegunting","Kopi Susu Pagi Botol 250ml",,,,,,,,,,,,
1O4UAR,"Lychee Tea",,,,,,,,,,,,,
1O4UAQ,"Kopi Susu Pagi Cup",,,,,,,,,,,,,
1O4UAP,"Cappucino Ice","Kopi Susu Pagi Cup",,,,,,,,,,,,
1O4UAO,"Burger Single Pagikemalam",,,,,,,,,,,,,
1O4UAN,"Kopi Susu Pagi Cup","French Fries original",,,,,,,,,,,,
1O4UAM,"Kopi Susu Pagi Botol 1lt",,,,,,,,,,,,,
1O4UAL,"Burger Single Pagikemalam",,,,,,,,,,,,,
1O4UAK,"Kopi Susu Pagi Cup",,,,,,,,,,,,,
1O4UAJ,"Kopi Susu Pisang Cup","Purple Breeze",,,,,,,,,,,,
1O4UAI,"Americano Hot",,,,,,,,,,,,,
1O4UAH,"Kopi Susu Pagi Cup","Air Mineral",,,,,,,,,,,,
1O4UAG,"Ayam Kegunting","Red Velvet Cup",,,,,,,,,,,,
1O4UAF,"Kopi Susu Pagi Cup","Rum Regal","French Fries original",,,,,,,,,,,
1O4UAE,"Lychee Tea","Purple Breeze","Strawberry Milky Rum with Coffee Jelly","Matcha Latte Cup",,,,,,,,,,
1O4UAD,"Chocolatte Cup","Red Velvet Cup",,,,,,,,,,,,
1O4UAC,"Kopi Susu Pagi Cup","French Fries original",,,,,,,,,,,,
1O4UAB,"Burger Single Pagikemalam",,,,,,,,,,,,,
1O4UAA,"Kopi Susu Pagi Cup",,,,,,,,,,,,,
1O4UA9,"Kopi Susu Pagi Cup",,,,,,,,,,,,,
1O4UA8,"Kopi Susu Malam Cup","Ayam Kegunting","Salted Caramel with Coffee Jelly cup","Air Mineral",,,,,,,,,,
1O4UA7,"Kopi Susu Pagi Cup",,,,,,,,,,,,,
1O4UA6,"Latte Ice",,,,,,,,,,,,,
1O4UA5,"Kopi Susu Pagi Cup",,,,,,,,,,,,,
1O4UA4,"Es teh manis",,,,,,,,,,,,,
1O4UA3,"Kopi Susu Pagi Cup","Purple Breeze","Red Velvet Cup","Lychee Tea",,,,,,,,,,
1O4UA2,"Kopi Susu Pagi Cup","Salmon Mentai Rice Medium","Air Mineral",,,,,,,,,,,
1O4UA1,"Kopi Susu Pagi Cup","Strawberry Tea","Air Mineral",,,,,,,,,,,
1O4UA0,"Manual Brew Hot","Kopi Susu Malam Cup",,,,,,,,,,,,
1O4U9Z,"Es teh manis","Air Mineral","Kopi Susu Pagi Cup",,,,,,,,,,,
1O4U9Y,"Kopi Susu Pagi Cup","Lychee Tea",,,,,,,,,,,,
1O4U9X,"Lasagna Medium",,,,,,,,,,,,,
1O4U9W,"Americano Hot","Kopi Susu Pisang Cup","Air Mineral","French Fries original",,,,,,,,,,
1O4U9V,"Kopi Susu Malam Cup",,,,,,,,,,,,,
1O4U9U,"Air Mineral","Kopi Susu Pagi Cup",,,,,,,,,,,,
1O4U9T,"Kopi Susu Pagi Cup",,,,,,,,,,,,,
1O4U9S,"Kopi Susu Pagi Cup",,,,,,,,,,,,,
1O4U9R,"Kopi Susu Malam Cup",,,,,,,,,,,,,
1O4U9P,"Kopi Susu Pagi Cup","Strawberry Tea",,,,,,,,,,,,
1O4U9O,"Cappucino Ice",,,,,,,,,,,,,
1O4U9M,"Chocolatte Cup","Cookies n Cream",,,,,,,,,,,,
1O4U9L,"Kopi Susu Malam Cup",,,,,,,,,,,,,
1O4U9J,"Kopi Susu Pagi Cup",,,,,,,,,,,,,
1O4U9I,"Ayam Kegunting",,,,,,,,,,,,,
1O4U9H,"Kopi Susu Malam Cup","Kopi Susu Pagi Cup",,,,,,,,,,,,
1O4U9G,"Kopi Susu Pagi Cup",,,,,,,,,,,,,
1O4U9F,"Kopi Susu Pagi Cup","Burger Single Pagikemalam",,,,,,,,,,,,
1O4U9E,"Americano Hot","Chocolatte Cup","French Fries original","Air Mineral",,,,,,,,,,
1O4U9D,"Kopi Susu Pagi Cup","Purple Breeze","Air Mineral","Strawberry Tea",,,,,,,,,,
1O4U9C,"Kopi Susu Pagi Cup","Es teh tawar",,,,,,,,,,,,
1O4U9B,"Americano Ice","Cappucino Ice",,,,,,,,,,,,
1O4U9A,"Ayam Kegunting","Es teh manis","Chocolatte Cup",,,,,,,,,,,
1O4U99,"Kopi Susu Pagi Cup",,,,,,,,,,,,,
1O4U98,"Chocolatte Cup","Cookies n Cream",,,,,,,,,,,,
1O4U97,"Kopi Susu Malam Cup",,,,,,,,,,,,,
1O4U96,"Kopi Susu Pagi Cup",,,,,,,,,,,,,
1O4U95,"Kopi Susu Pagi Cup","Red Velvet Cup",,,,,,,,,,,,
1O4U94,"Chocolatte Cup","Kopi Susu Malam Cup",,,,,,,,,,,,
1O4U93,"Kopi Susu Pagi Botol 1lt",,,,,,,,,,,,,
1O4U92,"Matcha Latte Cup","Kopi Susu Malam Cup","Ayam Kegunting",,,,,,,,,,,
1O4U91,"Latte Hot",,,,,,,,,,,,,
1O4U90,"Kopi Susu Pagi Cup","Lychee Tea",,,,,,,,,,,,
1O4U8Z,"Air Mineral",,,,,,,,,,,,,
1O4U8Y,"Kopi Susu Pisang Cup",,,,,,,,,,,,,
1O4U8X,"Ayam Kegunting","Kopi Susu Pagi Botol 250ml",,,,,,,,,,,,
1O4U8W,"Latte Ice",,,,,,,,,,,,,
1O4U8V,"Kopi Susu Pagi Cup",,,,,,,,,,,,,
1O4U8U,"Kopi Susu Malam Cup",,,,,,,,,,,,,
1O4U8T,"French Fries original",,,,,,,,,,,,,
1O4U8S,"Burger Single Blackpepper","Kopi Susu Pagi Cup",,,,,,,,,,,,
1O4U8R,"Ayam Kegunting",,,,,,,,,,,,,
1O4U8Q,"Kopi Susu Pagi Cup",,,,,,,,,,,,,
1O4U8P,"Latte Ice","Chocolatte Cup","Salmon Mentai Rice Medium",,,,,,,,,,,
1O4U8O,"Salmon Mentai Shirataki Medium",,,,,,,,,,,,,
1O4U8M,"Kopi Susu Pagi Cup",,,,,,,,,,,,,
1O4U8L,"Kopi Susu Pagi Cup",,,,,,,,,,,,,
1O4U8K,"Kopi Susu Pagi Cup",,,,,,,,,,,,,
1O4U8J,"Strawberry Tea","Air Mineral","Kopi Susu Pagi Botol 250ml","Kopi Susu Pagi Cup",,,,,,,,,,
1O4U8I,"Manual Brew Hot","Kopi Susu Pagi Cup",,,,,,,,,,,,
1O4U8H,"Air Mineral","Kopi Susu Pagi Cup","Ayam Kegunting",,,,,,,,,,,
1O4U8G,"Air Mineral",,,,,,,,,,,,,
1O4U8F,"Americano Hot",,,,,,,,,,,,,
1O4U8E,"Kopi Susu Pagi Cup","Manual Brew Hot","French Fries original","Air Mineral","Cappucino Ice","Ayam Kegunting","Burger Single Blackpepper","French Fries cheese",,,,,,
1O4U8D,"Kopi Susu Pagi Cup","Es teh tawar",,,,,,,,,,,,
1O4U8C,"Matcha Latte Cup","Peach Tea","Kopi Susu Pagi Cup","Ayam Kegunting","Lasagna Small",,,,,,,,,
1O4U8A,"Kopi Susu Pagi Cup",,,,,,,,,,,,,
1O4U89,"Kopi Susu Pagi Cup","Extra Shot",,,,,,,,,,,,
1O4U88,"Kopi Susu Pagi Botol 250ml",,,,,,,,,,,,,
1O4U86,"Kopi Susu Pagi Cup",,,,,,,,,,,,,
1O4U85,"Kopi Susu Pagi Cup","Air Mineral","Kopi Susu Pagi Botol 250ml",,,,,,,,,,,
1O4U84,"Ayam Kegunting","Manual Brew Hot","French Fries original","Air Mineral",,,,,,,,,,
1O4U83,"Kopi Susu Pagi Cup","Americano Hot","Chocolatte Cup","Hot Tea","Salmon Mentai Rice Medium","Air Mineral",,,,,,,,
1O4U82,"Kopi Susu Pagi Cup",,,,,,,,,,,,,
1O4U81,"Kopi Susu Malam Cup","Manual Brew Hot",,,,,,,,,,,,
1O4U80,"Kopi Susu Malam Cup",,,,,,,,,,,,,
1O4U7Z,"Kopi Susu Malam Cup","Ayam Kegunting",,,,,,,,,,,,
1O4U7Y,"Ayam Kegunting","Kopi Susu Pagi Cup","Kopi Susu Malam Cup",,,,,,,,,,,
1O4U7X,"Kopi Susu Pagi Botol 1lt",,,,,,,,,,,,,
1O4U7W,"Kopi Susu Pagi Botol 1lt",,,,,,,,,,,,,
1O4U7V,"Ayam Kegunting",,,,,,,,,,,,,
1O4U7U,"Matcha Latte Cup","Cappucino Ice",,,,,,,,,,,,
1O4U7T,"Purple Breeze",,,,,,,,,,,,,
1O4U7S,"Kopi Susu Pagi Cup","Kopi Susu Malam Cup",,,,,,,,,,,,
1O4U7R,"Caramel Macchiato Cup","Burger Single Teriyaki",,,,,,,,,,,,
1O4U7Q,"Kopi Susu Pagi Cup","Chocolatte Cup",,,,,,,,,,,,
1O4U7P,"Kopi Susu Pagi Botol 250ml",,,,,,,,,,,,,
1O4U7N,"Burger Single Pagikemalam",,,,,,,,,,,,,
1O4U7M,"Cappucino Hot",,,,,,,,,,,,,
1O4U7L,"Kopi Susu Pagi Botol 1lt","Kopi Susu Pagi Botol 250ml","Red Velvet Botol 250ml",,,,,,,,,,,
1O4U7K,"Kopi Susu Pagi Cup","Burger Single Pagikemalam",,,,,,,,,,,,
1O4U7J,"Kopi Susu Pagi Botol 250ml",,,,,,,,,,,,,
1O4U7I,"Strawberry Tea","Ayam Kegunting","Kopi Susu Pagi Cup",,,,,,,,,,,
1O4U7H,"Kopi Susu Pagi Cup",,,,,,,,,,,,,
1O4U7G,"Caramel Macchiato Cup","Manual Brew Hot","Ayam Kegunting",,,,,,,,,,,
1O4U7F,"Kopi Susu Pagi Cup","Purple Breeze","Lasagna Medium",,,,,,,,,,,
1O4U7E,"Caramel Macchiato Cup",,,,,,,,,,,,,
1O4U7D,"Cappucino Hot","Cookies n Cream","Americano Hot","Burger Single Teriyaki",,,,,,,,,,
1O4U7C,"Salmon Mentai Rice Medium","Lasagna Medium","Hazelnut Latte","Lychee Tea",,,,,,,,,,
1O4U7B,"Strawberry Milky Rum with Coffee Jelly",,,,,,,,,,,,,
1O4U79,"Kopi Susu Pagi Cup",,,,,,,,,,,,,
1O4U78,"Kopi Susu Pagi Cup",,,,,,,,,,,,,
1O4U77,"Ayam Kegunting",,,,,,,,,,,,,
1O4U76,"Kopi Susu Pagi Cup",,,,,,,,,,,,,
1O4U75,"Chocolatte Cup","Latte Ice",,,,,,,,,,,,
1O4U74,"Peach Tea",,,,,,,,,,,,,
1O4U73,"Red Velvet Cup","Kopi Susu Pisang Cup","Americano Hot",,,,,,,,,,,
1O4U72,"Kopi Susu Pisang Cup",,,,,,,,,,,,,
1O4U71,"Kopi Susu Pisang Cup","Kopi Susu Pagi Cup",,,,,,,,,,,,
1O4U70,"Kopi Susu Pagi Cup",,,,,,,,,,,,,
1O4U6Z,"Salmon Mentai Shirataki Small","Kopi Susu Pagi Cup","Hot Tea",,,,,,,,,,,
1O4U6Y,"Kopi Susu Pagi Cup","Kopi Susu Pagi Botol 250ml",,,,,,,,,,,,
1O4U6X,"Kopi Susu Pisang Cup","Chocolatte Cup",,,,,,,,,,,,
1O4U6V,"Lemon Tea","Cookies n Cream",,,,,,,,,,,,
1O4U6U,"Salmon Mentai Rice Medium",,,,,,,,,,,,,
1O4U6T,"Kopi Susu Malam Cup","Strawberry Milky Rum with Coffee Jelly","Americano Hot",,,,,,,,,,,
1O4U6S,"Kopi Susu Pagi Cup",,,,,,,,,,,,,
1O4U6R,"Caramel Macchiato Cup","Air Mineral","Burger Double Blackpepper","French Fries original","Kopi Susu Pagi Cup",,,,,,,,,
1O4U6Q,"Red Velvet Botol 1lt","Ayam Kegunting","Burger Single Pagikemalam",,,,,,,,,,,
1O4U6P,"Kopi Susu Pagi Cup","Kopi Susu Malam Cup",,,,,,,,,,,,
1O4U6N,"Kopi Susu Pagi Cup","Air Mineral","Strawberry Tea",,,,,,,,,,,
1O4U6M,"Kopi Susu Pagi Cup","Air Mineral","Es teh manis",,,,,,,,,,,
1O4U6L,"Es teh tawar","Kopi Susu Pagi Cup",,,,,,,,,,,,
1O4U6K,"Kopi Susu Pisang Cup","Air Mineral",,,,,,,,,,,,
1O4U6J,"Red Velvet Cup","Kopi Susu Pisang Cup","Manual Brew Hot",,,,,,,,,,,
1O4U6I,"Lasagna Small","Hot Tea",,,,,,,,,,,,
1O4U6H,"Chocolatte Botol 250ml","Purple Breeze","Strawberry Milky Rum with Coffee Jelly","Ayam Kegunting",,,,,,,,,,
1O4U6G,"Peach Tea","Air Mineral",,,,,,,,,,,,
1O4U6F,"Kopi Susu Malam Cup","Caramel Macchiato Cup","Chicken Mentai Rice Medium",,,,,,,,,,,
1O4U6E,"Kopi Susu Malam Cup","Kopi Susu Pagi Cup",,,,,,,,,,,,
1O4U6D,"Kopi Susu Pagi Cup","Strawberry Milky Rum with Coffee Jelly","Matcha Latte Cup",,,,,,,,,,,
1O4U6C,"Kopi Susu Pagi Cup",,,,,,,,,,,,,
1O4U6B,"Burger Single Blackpepper","French Fries original","Lemon Tea","Caramel Macchiato Cup","Kopi Susu Pagi Cup",,,,,,,,,
1O4U6A,"Kopi Susu Pagi Cup","Kopi Susu Malam Cup","Chocolatte Cup","Manual Brew Hot","Burger Single Teriyaki","Ayam Kegunting",,,,,,,,
1O4U69,"Kopi Susu Pagi Cup","Air Mineral",,,,,,,,,,,,
1O4U68,"Purple Breeze","Americano Hot","Ayam Kegunting","Kopi Susu Malam Cup","Air Mineral",,,,,,,,,
1O4U67,"Air Mineral","Kopi Susu Malam Cup",,,,,,,,,,,,
1O4U66,"Ayam Kegunting","Manual Brew Hot","Kopi Susu Malam Cup",,,,,,,,,,,
1O4U65,"Kopi Susu Pagi Cup",,,,,,,,,,,,,
1O4U64,"Kopi Susu Pagi Cup",,,,,,,,,,,,,
1O4U63,"Ayam Kegunting",,,,,,,,,,,,,
1O4U62,"Ayam Kegunting",,,,,,,,,,,,,
1O4U61,"Kopi Susu Malam Cup","Chocolatte Cup",Tubruk,,,,,,,,,,,
1O4U60,"Salmon Mentai Rice Medium","Burger Single Blackpepper",,,,,,,,,,,,
1O4U5Z,"Kopi Susu Pagi Cup","Kopi Susu Pagi Botol 250ml",,,,,,,,,,,,
1O4U5Y,"Cappucino Ice",,,,,,,,,,,,,
1O4U5X,"Kopi Susu Pisang Cup",,,,,,,,,,,,,
1O4U5W,"Lychee Tea",,,,,,,,,,,,,
1O4U5V,"Kopi Susu Pagi Botol 250ml",,,,,,,,,,,,,
1O4U5T,"Kopi Susu Pagi Cup",,,,,,,,,,,,,
1O4U5S,"Burger Single Mentai",,,,,,,,,,,,,
1O4U5R,"Kopi Susu Malam Cup",,,,,,,,,,,,,
1O4U5Q,"Kopi Susu Malam Cup","Hazelnut Latte",,,,,,,,,,,,
1O4U5P,"Kopi Susu Pagi Cup",,,,,,,,,,,,,
1O4U5O,"Kopi Susu Pagi Cup","Air Mineral",,,,,,,,,,,,
1O4U5N,"Americano Ice",,,,,,,,,,,,,
1O4U5M,"Kopi Susu Malam Cup","Caramel Macchiato Cup",,,,,,,,,,,,
1O4U5K,"Matcha Latte Cup","Kopi Susu Pagi Cup",,,,,,,,,,,,
1O4U5J,"Latte Hot",,,,,,,,,,,,,
1O4U5I,"Lychee Tea",,,,,,,,,,,,,
1O4U5H,"Kopi Susu Malam Cup","Chocolatte Cup",,,,,,,,,,,,
1O4U5G,"Kopi Susu Pagi Cup",,,,,,,,,,,,,
1O4U5E,"Kopi Susu Malam Cup",,,,,,,,,,,,,
1O4U5B,"Air Mineral","Kopi Susu Pagi Cup",,,,,,,,,,,,
1O4U5A,"Manual Brew Hot",,,,,,,,,,,,,
1O4U59,"Manual Brew Hot","Kopi Susu Pagi Cup",,,,,,,,,,,,
1O4U58,"Latte Ice",Tubruk,,,,,,,,,,,,
1O4U57,"Kopi Susu Pagi Cup","Salmon Mentai Rice Small",,,,,,,,,,,,
1O4U56,"Purple Breeze",,,,,,,,,,,,,
1O4U55,"Kopi Susu Pagi Cup",,,,,,,,,,,,,
1O4U54,"Americano Ice","Air Mineral","Kopi Susu Pagi Cup",,,,,,,,,,,
1O4U53,"Kopi Susu Pagi Cup","Matcha Latte Cup","Air Mineral",,,,,,,,,,,
1O4U52,"Kopi Susu Pagi Cup",,,,,,,,,,,,,
1O4U51,"French Fries original",,,,,,,,,,,,,
1O4U50,"Macaroni Panggang Medium","Lemon Tea",,,,,,,,,,,,
1O4U4Z,"Lemon Tea",Tubruk,"French Fries original","Burger Single Pagikemalam","Cookies n Cream","Kopi Susu Pagi Cup",,,,,,,,
1O4U4Y,"Latte Ice",,,,,,,,,,,,,
1O4U4X,"Peach Tea",,,,,,,,,,,,,
1O4U4W,"Strawberry Tea",,,,,,,,,,,,,
1O4U4V,"Chocolatte Cup",,,,,,,,,,,,,
1O4U4T,"Burger Single Pagikemalam","Lasagna Small",,,,,,,,,,,,
1O4U4S,"Kopi Susu Malam Cup","Americano Ice",,,,,,,,,,,,
1O4U4R,"Kopi Susu Pagi Cup","Air Mineral","French Fries cheese",,,,,,,,,,,
1O4U4Q,"Americano Hot","Lemon Tea","French Fries original","Air Mineral","Purple Breeze",,,,,,,,,
1O4U4P,"Kopi Susu Pagi Cup",,,,,,,,,,,,,
1O4U4O,"Kopi Susu Pisang Cup",,,,,,,,,,,,,
1O4U4N,"Ayam Kegunting",,,,,,,,,,,,,
1O4U4M,"Kopi Susu Pagi Cup",,,,,,,,,,,,,
1O4U4L,"Ayam Kegunting","Air Mineral",,,,,,,,,,,,
1O4U4K,"Kopi Susu Pagi Cup",,,,,,,,,,,,,
1O4U4J,"Kopi Susu Pagi Cup",,,,,,,,,,,,,
1O4U4I,"Burger Single Pagikemalam","Lasagna Small",,,,,,,,,,,,
1O4U4H,"Lemon Tea","Cookies n Cream",,,,,,,,,,,,
1O4U4F,"Manual Brew Hot",,,,,,,,,,,,,
1O4U4E,"Kopi Susu Pagi Cup",,,,,,,,,,,,,
1O4U4D,"Matcha Latte Cup","Hazelnut Latte","Burger Double Blackpepper",,,,,,,,,,,
1O4U4C,"Lasagna Medium",,,,,,,,,,,,,
1O4U4B,"Latte Ice",,,,,,,,,,,,,
1O4U4A,"Americano Ice","Kopi Susu Pagi Cup",,,,,,,,,,,,
1O4U49,"Kopi Susu Pagi Cup",,,,,,,,,,,,,
1O4U48,"Kopi Susu Malam Cup",,,,,,,,,,,,,
1O4U47,"Kopi Susu Malam Cup",,,,,,,,,,,,,
1O4U45,"Cappucino Ice",,,,,,,,,,,,,
1O4U44,"Kopi Susu Pagi Cup","Salmon Mentai Rice Medium",,,,,,,,,,,,
1O4U43,"Hazelnut Latte",,,,,,,,,,,,,
1O4U42,"Kopi Susu Pagi Cup","Kopi Susu Malam Cup",,,,,,,,,,,,
1O4U40,"Kopi Susu Pagi Cup",,,,,,,,,,,,,
1O4U3Z,"Kopi Susu Pagi Cup","Extra Shot",,,,,,,,,,,,
1O4U3Y,"Kopi Susu Malam Cup","Salmon Mentai Shirataki Medium",,,,,,,,,,,,
1O4U3X,"Air Mineral",,,,,,,,,,,,,
1O4U3W,"Cappucino Ice",,,,,,,,,,,,,
1O4U3V,"Kopi Susu Pagi Cup",,,,,,,,,,,,,
1O4U3U,"Strawberry Tea","Kopi Susu Pagi Cup",,,,,,,,,,,,
1O4U3T,"Es teh tawar",,,,,,,,,,,,,
1O4U3S,"Kopi Susu Pagi Cup",,,,,,,,,,,,,
1O4U3R,"Americano Ice","Kopi Susu Pagi Cup","Es teh manis",,,,,,,,,,,
1O4U3Q,"Manual Brew Hot","Air Mineral",,,,,,,,,,,,
1O4U3P,"Ayam Kegunting","Air Mineral","Kopi Susu Pisang Cup",,,,,,,,,,,
1O4U3O,"Kopi Susu Pagi Cup","Kopi Susu Pisang Cup","Kopi Susu Malam Cup",,,,,,,,,,,
1O4U3N,"Kopi Susu Pagi Cup",,,,,,,,,,,,,
1O4U3M,"Kopi Susu Pagi Cup",,,,,,,,,,,,,
1O4U3K,"Air Mineral",,,,,,,,,,,,,
1O4U3H,"Kopi Susu Pagi Botol 1lt",,,,,,,,,,,,,
1O4U3G,"Kopi Susu Malam Cup","Rum Regal",,,,,,,,,,,,
1O4U3F,"Kopi Susu Pagi Cup","Hazelnut Latte",,,,,,,,,,,,
1O4U3E,"Kopi Susu Pagi Cup",,,,,,,,,,,,,
1O4U3D,"Air Mineral","Kopi Susu Pagi Cup",,,,,,,,,,,,
1O4U3C,"Kopi Susu Pagi Cup","Air Mineral","Strawberry Tea",,,,,,,,,,,
1O4U3B,"Air Mineral","Ayam Kegunting","Purple Breeze","Manual Brew Ice",,,,,,,,,,
1O4U3A,"Kopi Susu Pagi Cup","Kopi Susu Pisang Cup","Latte Hot",,,,,,,,,,,
1O4U39,"Purple Breeze",,,,,,,,,,,,,
1O4U38,"Es teh tawar","Kopi Susu Pagi Cup",,,,,,,,,,,,
1O4U37,"Kopi Susu Pisang Cup",,,,,,,,,,,,,
1O4U36,Tubruk,,,,,,,,,,,,,
1O4U34,"Kopi Susu Malam Cup","Caramel Macchiato Cup","Kopi Susu Pisang Cup","Ayam Kegunting",,,,,,,,,,
1O4U33,"Kopi Susu Pagi Cup","Macaroni Panggang Small",,,,,,,,,,,,
1O4U32,"Kopi Susu Pagi Cup","Cappucino Ice",,,,,,,,,,,,
1O4U31,"Americano Hot",,,,,,,,,,,,,
1O4U30,"Kopi Susu Pagi Cup",,,,,,,,,,,,,
1O4U2Z,"Kopi Susu Malam Cup",,,,,,,,,,,,,
1O4U2Y,"Kopi Susu Malam Cup",,,,,,,,,,,,,
1O4U2W,"Purple Breeze","Strawberry Tea",,,,,,,,,,,,
1O4U2V,"Salmon Mentai Shirataki Medium","Air Mineral",,,,,,,,,,,,
1O4U2U,"Kopi Susu Pagi Cup",,,,,,,,,,,,,
1O4U2T,"Kopi Susu Pagi Botol 1lt","Kopi Susu Pisang Botol 1lt",,,,,,,,,,,,
1O4U2R,"Kopi Susu Pagi Cup",,,,,,,,,,,,,
1O4U2Q,"Kopi Susu Pagi Cup",,,,,,,,,,,,,
1O4U2O,"Americano Ice",,,,,,,,,,,,,
1O4U2N,"Kopi Susu Pagi Cup",,,,,,,,,,,,,
1O4U2M,"Kopi Susu Pagi Cup","Kopi Susu Pisang Cup",,,,,,,,,,,,
1O4U2L,"Americano Hot","Salted Caramel with Coffee Jelly cup","French Fries original","Air Mineral",,,,,,,,,,
1O4U2K,"Kopi Susu Pagi Cup","Extra Shot",,,,,,,,,,,,
1O4U2J,"Salmon Mentai Shirataki Small","Kopi Susu Pagi Cup","Lychee Tea",,,,,,,,,,,
1O4U2H,"Kopi Susu Pagi Cup",,,,,,,,,,,,,
1O4U2G,"Kopi Susu Pagi Cup",,,,,,,,,,,,,
1O4U2E,"Kopi Susu Pagi Botol 250ml",,,,,,,,,,,,,
1O4U2C,"Kopi Susu Pagi Cup",,,,,,,,,,,,,
1O4U2A,"Kopi Susu Malam Cup",,,,,,,,,,,,,
1O4U29,"Salted Caramel with Coffee Jelly botol 250ml","Kopi Susu Pagi Botol 250ml",,,,,,,,,,,,
1O4U28,"Ayam Kegunting","Salted Caramel with Coffee Jelly cup","Salmon Mentai Shirataki Medium",,,,,,,,,,,
1O4U27,"Kopi Susu Pagi Cup",,,,,,,,,,,,,
1O4U25,"Kopi Susu Malam Cup",,,,,,,,,,,,,
1O4U24,"Kopi Susu Pagi Cup","Cookies n Cream",,,,,,,,,,,,
1O4U23,"Kopi Susu Pagi Cup",,,,,,,,,,,,,
1O4U20,"Kopi Susu Pagi Cup",,,,,,,,,,,,,
1O4U1Y,"Kopi Susu Pagi Botol 1lt",,,,,,,,,,,,,
1O4U1X,"Kopi Susu Pagi Cup","Air Mineral",,,,,,,,,,,,
1O4U1W,"Ayam Kegunting","Kopi Susu Pagi Botol 250ml","Salted Caramel with Coffee Jelly botol 250ml","Strawberry Milky Rum with Coffee Jelly","Lychee Tea",,,,,,,,,
1O4U1V,"Kopi Susu Pagi Cup","Ayam Kegunting","Air Mineral",,,,,,,,,,,
1O4U1U,"Kopi Susu Pagi Cup",,,,,,,,,,,,,
1O4U1T,"Kopi Susu Pagi Cup",,,,,,,,,,,,,
1O4U1S,"Kopi Susu Malam Cup",,,,,,,,,,,,,
1O4U1Q,"Kopi Susu Pagi Cup","Burger Double Mentai","French Fries original","Americano Hot",,,,,,,,,,
1O4U1P,"Burger Double Pagikemalam","Ayam Kegunting","Kopi Susu Pagi Cup",,,,,,,,,,,
1O4U1O,"Kopi Susu Pagi Cup","Peach Tea","Air Mineral",,,,,,,,,,,
1O4U1N,"Kopi Susu Pisang Cup","Manual Brew Hot",,,,,,,,,,,,
1O4U1M,"Kopi Susu Pagi Cup",,,,,,,,,,,,,
1O4U1L,"Kopi Susu Pagi Botol 1lt","Ayam Kegunting",,,,,,,,,,,,
1O4U1K,"Kopi Susu Pagi Cup",,,,,,,,,,,,,
1O4U1I,"Strawberry Milky Rum with Coffee Jelly","Ayam Kegunting",,,,,,,,,,,,
1O4U1H,"Kopi Susu Malam Cup",,,,,,,,,,,,,
1O4U1G,"Ayam Kegunting",,,,,,,,,,,,,
1O4U1F,"Kopi Susu Malam Cup","Salted Caramel with Coffee Jelly cup","French Fries original","Cappucino Ice","Peach Tea",,,,,,,,,
1O4U1E,"Kopi Susu Pagi Cup",,,,,,,,,,,,,
1O4U1C,"Kopi Susu Malam Cup",,,,,,,,,,,,,
1O4U1B,"Kopi Susu Pagi Cup",,,,,,,,,,,,,
1O4U1A,"Strawberry Tea","Air Mineral","Kopi Susu Pagi Cup","Kopi Susu Pagi Botol 250ml",,,,,,,,,,
1O4U19,"Americano Ice","Air Mineral",,,,,,,,,,,,
1O4U18,"Kopi Susu Pagi Cup","Es teh tawar",,,,,,,,,,,,
1O4U17,"Air Mineral","Kopi Susu Pagi Cup","Chocolatte Cup",,,,,,,,,,,
1O4U16,"Kopi Susu Pagi Cup","Ayam Kegunting",,,,,,,,,,,,
1O4U15,"Salmon Mentai Rice Medium",,,,,,,,,,,,,
1O4U14,"Manual Brew Hot",Tubruk,"Salmon Mentai Rice Small","Lychee Tea",,,,,,,,,,
1O4U13,"Latte Ice",,,,,,,,,,,,,
1O4U12,"Burger Single Pagikemalam",,,,,,,,,,,,,
1O4U11,"Kopi Susu Pagi Cup","Latte Ice",,,,,,,,,,,,
1O4U0Z,"Burger Single Pagikemalam",,,,,,,,,,,,,
1O4U0X,"Kopi Susu Pagi Cup",,,,,,,,,,,,,
1O4U0W,"Kopi Susu Pagi Cup","Kopi Susu Pagi Botol 250ml",,,,,,,,,,,,
1O4U0V,"Ayam Kegunting","Salted Caramel with Coffee Jelly botol 250ml","Salmon Mentai Shirataki Medium","Chocolatte Botol 250ml",,,,,,,,,,
1O4U0T,"Cappucino Ice",,,,,,,,,,,,,
1O4U0S,"Manual Brew Hot",,,,,,,,,,,,,
1O4U0R,"Kopi Susu Pagi Cup","Extra Shot",,,,,,,,,,,,
1O4U0Q,"Kopi Susu Pagi Cup",,,,,,,,,,,,,
1O4U0O,"Caramel Macchiato Cup",,,,,,,,,,,,,
1O4U0N,"Americano Ice","Kopi Susu Pagi Cup","Es teh manis","Macaroni Panggang Medium","Air Mineral",,,,,,,,,
1O4U0L,"Kopi Susu Pagi Cup",,,,,,,,,,,,,
1O4U0K,"Kopi Susu Pagi Cup",,,,,,,,,,,,,
1O4U0J,"Air Mineral",,,,,,,,,,,,,
1O4U0I,"Cookies n Cream","Kopi Susu Malam Cup","Ayam Kegunting","Air Mineral",,,,,,,,,,
1O4U0H,"Manual Brew Hot","Air Mineral",,,,,,,,,,,,
1O4U0G,"Caramel Macchiato Cup","Kopi Susu Pagi Cup",,,,,,,,,,,,
1O4U0F,"Manual Brew Hot","Air Mineral",,,,,,,,,,,,
1O4U0E,"Caramel Macchiato Cup","French Fries original",,,,,,,,,,,,
1O4U0C,"Kopi Susu Malam Cup",,,,,,,,,,,,,
1O4U0B,"Burger Single Blackpepper",,,,,,,,,,,,,
1O4U0A,"Kopi Susu Pagi Botol 250ml",,,,,,,,,,,,,
1O4U09,"Kopi Susu Pagi Cup",,,,,,,,,,,,,
1O4U07,"Kopi Susu Pagi Cup","Chocolatte Cup",,,,,,,,,,,,
1O4U06,"Kopi Susu Pagi Cup",,,,,,,,,,,,,
1O4U05,"Air Mineral",,,,,,,,,,,,,
1O4U04,"Strawberry Tea",,,,,,,,,,,,,
1O4U03,"Americano Hot","Air Mineral",,,,,,,,,,,,
1O4U02,"Air Mineral",,,,,,,,,,,,,
1O4U01,"Kopi Susu Pagi Cup","Lychee Tea",,,,,,,,,,,,
1O4U00,"Kopi Susu Pagi Cup","Hazelnut Latte",,,,,,,,,,,,
1O4TZW,"Kopi Susu Pagi Cup",,,,,,,,,,,,,
1O4TZV,"Kopi Susu Pagi Cup",,,,,,,,,,,,,
1O4TZU,"Kopi Susu Pagi Cup",,,,,,,,,,,,,
1O4TZT,"Salted Caramel with Coffee Jelly botol 250ml","Ayam Kegunting",,,,,,,,,,,,
1O4TZS,"Kopi Susu Malam Cup","Manual Brew Hot","Burger Single Blackpepper",,,,,,,,,,,
1O4TZR,"Kopi Susu Malam Cup","Lychee Tea","Air Mineral",,,,,,,,,,,
1O4TZQ,"Kopi Susu Pagi Cup",,,,,,,,,,,,,
1O4TZO,"Kopi Susu Pagi Cup","Chocolatte Cup",,,,,,,,,,,,
1O4TZN,"Kopi Susu Pagi Cup",,,,,,,,,,,,,
1O4TZM,"Air Mineral","Americano Hot",,,,,,,,,,,,
1O4TZL,"Kopi Susu Pagi Cup",,,,,,,,,,,,,
1O4TZK,"Burger Single Pagikemalam",,,,,,,,,,,,,
1O4TZJ,"Kopi Susu Pagi Cup",,,,,,,,,,,,,
1O4TZI,"Air Mineral",,,,,,,,,,,,,
1O4TZH,"Kopi Susu Pagi Cup",,,,,,,,,,,,,
1O4TZG,"Kopi Susu Pisang Cup","Kopi Susu Pagi Cup","Ayam Kegunting",,,,,,,,,,,
1O4TZF,"Chocolatte Cup","Kopi Susu Pisang Cup",,,,,,,,,,,,
1O4TZE,"Lasagna Small","Strawberry Milky Rum with Coffee Jelly",,,,,,,,,,,,
1O4TZD,"Kopi Susu Pagi Cup","Air Mineral","Strawberry Tea","Kopi Susu Pagi Botol 250ml",,,,,,,,,,
1O4TZC,"Latte Ice","Lychee Tea",,,,,,,,,,,,
1O4TZB,"Latte Ice","Ayam Kegunting",,,,,,,,,,,,
1O4TZA,"Kopi Susu Pagi Cup",,,,,,,,,,,,,
1O4TZ9,"Kopi Susu Pagi Cup",,,,,,,,,,,,,
1O4TZ8,"Kopi Susu Pagi Cup","Ayam Kegunting",,,,,,,,,,,,
1O4TZ7,"Strawberry Milky Rum with Coffee Jelly","Cookies n Cream",,,,,,,,,,,,
1O4TZ6,"Kopi Susu Pagi Cup",,,,,,,,,,,,,
1O4TZ5,"Lemon Tea",,,,,,,,,,,,,
1O4TZ4,"Kopi Susu Pagi Cup","Salted Caramel with Coffee Jelly cup","Air Mineral",,,,,,,,,,,
1O4TZ3,"Kopi Susu Malam Cup",,,,,,,,,,,,,
1O4TZ2,"Air Mineral",,,,,,,,,,,,,
1O4TZ1,"Kopi Susu Pagi Cup",Espresso,,,,,,,,,,,,
1O4TZ0,"Lemon Tea",,,,,,,,,,,,,
1O4TYZ,"Salmon Mentai Shirataki Medium","Chicken Mentai Shirataki Medium","Salmon Mentai Rice Medium","Chicken Mentai Rice Medium","Lasagna Medium","Macaroni Panggang Medium",,,,,,,,
1O4TYY,"Strawberry Tea","Lemon Tea",,,,,,,,,,,,
1O4TYX,"Chocolatte Cup",,,,,,,,,,,,,
1O4TYV,"Cappucino Ice","Caramel Macchiato Cup","Chocolatte Cup","Lychee Tea","Lemon Tea",,,,,,,,,
1O4TYT,"Kopi Susu Pagi Botol 1lt",,,,,,,,,,,,,
1O4TYS,"Chocolatte Cup","Kopi Susu Malam Cup",,,,,,,,,,,,
1O4TYR,"Manual Brew Ice","Air Mineral",,,,,,,,,,,,
1O4TYQ,"Kopi Susu Pagi Cup","Strawberry Tea","Es teh tawar","Air Mineral",,,,,,,,,,
1O4TYP,"Kopi Susu Pagi Cup","Air Mineral","Strawberry Tea","Kopi Susu Pagi Botol 250ml",,,,,,,,,,
1O4TYO,"Kopi Susu Pagi Cup",,,,,,,,,,,,,
1O4TYN,"Latte Ice",,,,,,,,,,,,,
1O4TYM,"Salted Caramel with Coffee Jelly botol 250ml","Kopi Susu Pagi Botol 250ml",,,,,,,,,,,,
1O4TYL,"Manual Brew Hot","Salmon Mentai Rice Small",,,,,,,,,,,,
1O4TYK,"Kopi Susu Pagi Cup",,,,,,,,,,,,,
1O4TYJ,"Kopi Susu Pagi Cup",,,,,,,,,,,,,
1O4TYI,"Kopi Susu Pagi Cup",,,,,,,,,,,,,
1O4TYH,"Peach Tea","Chocolatte Cup",,,,,,,,,,,,
1O4TYG,"Kopi Susu Pagi Cup",,,,,,,,,,,,,
1O4TYF,"Kopi Susu Pagi Cup",,,,,,,,,,,,,
1O4TYE,"Es teh manis",,,,,,,,,,,,,
1O4TYC,"Kopi Susu Pagi Cup","Hot Tea","Lasagna Small",,,,,,,,,,,
1O4TYB,"Kopi Susu Pagi Cup",,,,,,,,,,,,,
1O4TYA,"Kopi Susu Pagi Cup",,,,,,,,,,,,,
1O4TY9,"Americano Ice","Purple Breeze",,,,,,,,,,,,
1O4TY8,"Kopi Susu Pagi Cup","Air Mineral","Strawberry Tea",,,,,,,,,,,
1O4TY7,"Kopi Susu Pagi Cup","Es teh tawar",,,,,,,,,,,,
1O4TY6,"Americano Ice","Peach Tea",,,,,,,,,,,,
1O4TY5,"Air Mineral",,,,,,,,,,,,,
1O4TY4,"Air Mineral",,,,,,,,,,,,,
1O4TY3,"Purple Breeze","Salted Caramel with Coffee Jelly cup",,,,,,,,,,,,
1O4TY2,"Kopi Susu Malam Cup",,,,,,,,,,,,,
1O4TY1,"Kopi Susu Pagi Cup",,,,,,,,,,,,,
1O4TY0,"Kopi Susu Pagi Botol 250ml","Chocolatte Botol 250ml",,,,,,,,,,,,
1O4TXZ,"Kopi Susu Pagi Cup","Manual Brew Hot","French Fries original","Ayam Kegunting","Air Mineral","Lemon Tea","Americano Hot","Cookies n Cream","Manual Brew Ice",,,,,
1O4TXY,"Kopi Susu Pagi Cup",,,,,,,,,,,,,
1O4TXX,Tubruk,,,,,,,,,,,,,
1O4TXW,"Kopi Susu Pagi Cup","Cookies n Cream","French Fries cheese","Air Mineral",,,,,,,,,,
1O4TXV,"Peach Tea","French Fries original",,,,,,,,,,,,
1O4TXU,"Latte Hot",,,,,,,,,,,,,
1O4TXT,"Kopi Susu Malam Cup",,,,,,,,,,,,,
1O4TXS,"Kopi Susu Pagi Cup","Lychee Tea",,,,,,,,,,,,
1O4TXR,"Cappucino Ice","Salmon Mentai Shirataki Small",,,,,,,,,,,,
1O4TXQ,"Purple Breeze","Kopi Susu Pagi Cup","Air Mineral",,,,,,,,,,,
1O4TXP,"Kopi Susu Pagi Cup","Ayam Kegunting","Air Mineral",,,,,,,,,,,
1O4TXO,"Matcha Latte Cup","Red Velvet Cup",,,,,,,,,,,,
1O4TXN,"Ayam Kegunting",,,,,,,,,,,,,
1O4TXM,"Burger Single Pagikemalam",,,,,,,,,,,,,
1O4TXK,"Kopi Susu Pagi Cup","Manual Brew Hot",Tubruk,"Burger Single Pagikemalam","French Fries original","Chicken Mentai Rice Medium","Ayam Kegunting","Kopi Susu Malam Cup",,,,,,
1O4TXJ,"Burger Single Pagikemalam","Lasagna Small",,,,,,,,,,,,
1O4TXI,"Salmon Mentai Shirataki Medium",,,,,,,,,,,,,
1O4TXH,"Kopi Susu Pagi Cup",,,,,,,,,,,,,
1O4TXG,"Kopi Susu Pagi Cup",,,,,,,,,,,,,
1O4TXF,"Kopi Susu Pisang Cup","Rum Regal","Strawberry Tea",,,,,,,,,,,
1O4TXE,"Ayam Kegunting","Salted Caramel with Coffee Jelly cup",,,,,,,,,,,,
1O4TXD,"Kopi Susu Pagi Cup",,,,,,,,,,,,,
1O4TXC,"Air Mineral",,,,,,,,,,,,,
1O4TXB,"Kopi Susu Pagi Cup","Purple Breeze",,,,,,,,,,,,
1O4TXA,"Es teh manis",,,,,,,,,,,,,
1O4TX9,"Salmon Mentai Rice Medium","Kopi Susu Pagi Cup",,,,,,,,,,,,
1O4TX8,Espresso,"Air Mineral",,,,,,,,,,,,
1O4TX7,"Chocolatte Cup","Salmon Mentai Rice Medium",,,,,,,,,,,,
1O4TX6,"Kopi Susu Pagi Cup","Air Mineral",,,,,,,,,,,,
1O4TX5,"Kopi Susu Pagi Cup",,,,,,,,,,,,,
1O4TX4,"Ayam Kegunting",,,,,,,,,,,,,
1O4TX3,"Burger Single Pagikemalam",,,,,,,,,,,,,
1O4TX2,"Kopi Susu Malam Cup",,,,,,,,,,,,,
1O4TX1,"Cappucino Ice",,,,,,,,,,,,,
1O4TX0,"Kopi Susu Pagi Cup","Purple Breeze","Strawberry Milky Rum with Coffee Jelly","Matcha Latte Cup",,,,,,,,,,
1O4TWZ,"Kopi Susu Pagi Cup",,,,,,,,,,,,,
1O4TWY,"Kopi Susu Pagi Cup","Kopi Susu Malam Cup",,,,,,,,,,,,
1O4TWX,"Kopi Susu Malam Cup",,,,,,,,,,,,,
1O4TWW,"Ayam Kegunting","Air Mineral",,,,,,,,,,,,
1O4TWU,"Kopi Susu Pagi Cup",,,,,,,,,,,,,
1O4TWT,"Red Velvet Cup","Kopi Susu Malam Cup","Matcha Latte Cup",,,,,,,,,,,
1O4TWR,"Kopi Susu Malam Cup",,,,,,,,,,,,,
1O4TWQ,"Kopi Susu Malam Cup",,,,,,,,,,,,,
1O4TWP,"Cappucino Ice","Kopi Susu Pagi Cup","Lychee Tea",,,,,,,,,,,
1O4TWO,"Ayam Kegunting",,,,,,,,,,,,,
1O4TWN,"Kopi Susu Pagi Cup",,,,,,,,,,,,,
1O4TWM,"Kopi Susu Malam Cup",,,,,,,,,,,,,
1O4TWL,"Kopi Susu Pagi Botol 250ml","Kopi Susu Pagi Botol 1lt","Salmon Mentai Shirataki Medium",,,,,,,,,,,
1O4TWK,"Kopi Susu Pagi Cup","Air Mineral",,,,,,,,,,,,
1O4TWJ,"Cookies n Cream",,,,,,,,,,,,,
1O4TWI,"Air Mineral","Strawberry Tea","Kopi Susu Pagi Cup",,,,,,,,,,,
1O4TWH,"Kopi Susu Malam Cup",Tubruk,"Kopi Susu Pagi Cup","French Fries original","Lemon Tea","Caramel Macchiato Cup","Cappucino Ice",,,,,,,
1O4TWF,"Kopi Susu Malam Cup","Extra Shot",,,,,,,,,,,,
1O4TWE,"Kopi Susu Pisang Cup","Kopi Susu Pagi Cup",,,,,,,,,,,,
1O4TWD,"Kopi Susu Pagi Cup",,,,,,,,,,,,,
1O4TWC,"Air Mineral","Kopi Susu Pagi Cup",,,,,,,,,,,,
1O4TWB,"Manual Brew Hot","French Fries original",,,,,,,,,,,,
1O4TWA,"Rum Regal",,,,,,,,,,,,,
1O4TW9,"Kopi Susu Pagi Cup",,,,,,,,,,,,,
1O4TW8,"Kopi Susu Pagi Cup",,,,,,,,,,,,,
1O4TW6,"Burger Single Pagikemalam",,,,,,,,,,,,,
1O4TW5,"Kopi Susu Pagi Cup",,,,,,,,,,,,,
1O4TW3,"Kopi Susu Malam Cup",,,,,,,,,,,,,
1O4TW2,"Kopi Susu Malam Cup","Rum Regal",,,,,,,,,,,,
1O4TW1,"Kopi Susu Pagi Cup","Ayam Kegunting","Lychee Tea",,,,,,,,,,,
1O4TW0,"French Fries original",,,,,,,,,,,,,
1O4TVZ,"Kopi Susu Malam Cup",,,,,,,,,,,,,
1O4TVY,"Ayam Kegunting",,,,,,,,,,,,,
1O4TVX,"Kopi Susu Pisang Cup","Ayam Kegunting","Lychee Tea",,,,,,,,,,,
1O4TVW,"Latte Ice",,,,,,,,,,,,,
1O4TVV,"Kopi Susu Pagi Cup",,,,,,,,,,,,,
1O4TVU,"Kopi Susu Pagi Cup","Chocolatte Cup",,,,,,,,,,,,
1O4TVT,"Manual Brew Hot","Rum Regal",,,,,,,,,,,,
1O4TVS,"Macaroni Panggang Medium","Salted Caramel with Coffee Jelly cup","Lemon Tea",,,,,,,,,,,
1O4TVR,"Lasagna Medium","Americano Ice","Rum Regal","Air Mineral",,,,,,,,,,
1O4TVQ,"Kopi Susu Malam Cup",,,,,,,,,,,,,
1O4TVP,"Kopi Susu Pagi Cup",,,,,,,,,,,,,
1O4TVO,"Kopi Susu Malam Cup",,,,,,,,,,,,,
1O4TVN,"Lychee Tea",,,,,,,,,,,,,
1O4TVM,"Ayam Kegunting","Strawberry Tea",,,,,,,,,,,,
1O4TVL,"Rum Regal","Latte Ice","Caramel Macchiato Cup","Kopi Susu Pagi Cup","Air Mineral","Red Velvet Cup","Salmon Mentai Shirataki Small","Lasagna Small","Chicken Mentai Rice Medium","Ayam Kegunting",,,,
1O4TVK,"Kopi Susu Malam Cup","Ayam Kegunting","Lychee Tea","Burger Single Mentai","Purple Breeze","Kopi Susu Pagi Cup","Peach Tea","Air Mineral",,,,,,
1O4TVJ,"Kopi Susu Pagi Cup","Salmon Mentai Rice Medium",,,,,,,,,,,,
1O4TVI,"Kopi Susu Pagi Cup",,,,,,,,,,,,,
1O4TVH,"Americano Hot",,,,,,,,,,,,,
1O4TVG,"Kopi Susu Pagi Cup",,,,,,,,,,,,,
1O4TVF,"Kopi Susu Pagi Cup",,,,,,,,,,,,,
1O4TVE,"Kopi Susu Pagi Cup",,,,,,,,,,,,,
1O4TVD,"Burger Double Teriyaki","Kopi Susu Pisang Cup","Air Mineral",,,,,,,,,,,
1O4TVC,"Americano Ice","Salmon Mentai Shirataki Medium",,,,,,,,,,,,
1O4TVB,"Kopi Susu Pagi Cup","Ayam Kegunting","Strawberry Tea",,,,,,,,,,,
1O4TVA,"Es teh tawar","Kopi Susu Pagi Cup",,,,,,,,,,,,
1O4TV9,"Air Mineral","Kopi Susu Pagi Cup",,,,,,,,,,,,
1O4TV8,"Peach Tea","Chocolatte Cup",,,,,,,,,,,,
1O4TV7,"Rum Regal",,,,,,,,,,,,,
1O4TV6,"Kopi Susu Malam Botol 250ml","Americano Ice",,,,,,,,,,,,
1O4TV5,"Rum Regal",,,,,,,,,,,,,
1O4TV3,"Kopi Susu Malam Cup","Kopi Susu Pagi Cup","French Fries original",,,,,,,,,,,
1O4TV2,"Kopi Susu Pagi Cup",,,,,,,,,,,,,
1O4TV1,"Kopi Susu Pagi Cup","Caramel Macchiato Cup",,,,,,,,,,,,
1O4TV0,"Chocolatte Cup","Cookies n Cream",,,,,,,,,,,,
1O4TUZ,"Kopi Susu Pagi Cup",,,,,,,,,,,,,
1O4TUY,"Kopi Susu Malam Cup",,,,,,,,,,,,,
1O4TUX,"Cappucino Ice",,,,,,,,,,,,,
1O4TUW,"Kopi Susu Pagi Cup",,,,,,,,,,,,,
1O4TUV,"Salted Caramel with Coffee Jelly cup","Hot Tea","Americano Ice","Kopi Susu Pagi Cup","Es teh manis",,,,,,,,,
1O4TUU,"Air Mineral","Kopi Susu Pagi Cup",,,,,,,,,,,,
1O4TUT,"Kopi Susu Pagi Cup","Strawberry Tea",,,,,,,,,,,,
1O4TUS,"Americano Hot","Rum Regal","Chocolatte Cup",,,,,,,,,,,
1O4TUR,"Air Mineral","Matcha Latte Cup","Kopi Susu Pagi Cup",,,,,,,,,,,
1O4TUQ,"Kopi Susu Pagi Cup",,,,,,,,,,,,,
1O4TUP,"Kopi Susu Pagi Cup",,,,,,,,,,,,,
1O4TUO,"Lychee Tea",,,,,,,,,,,,,
1O4TUN,"Salmon Mentai Rice Medium","Kopi Susu Pagi Cup",,,,,,,,,,,,
1O4TUL,"Red Velvet Cup",,,,,,,,,,,,,
1O4TUK,"Salmon Mentai Shirataki Small",,,,,,,,,,,,,
1O4TUJ,"Cookies n Cream",,,,,,,,,,,,,
1O4TUI,"Kopi Susu Malam Cup",,,,,,,,,,,,,
1O4TUH,"Kopi Susu Pagi Cup","Salted Caramel with Coffee Jelly cup","Burger Double Pagikemalam",,,,,,,,,,,
1O4TUG,"Kopi Susu Pagi Cup","Kopi Susu Malam Cup",,,,,,,,,,,,
1O4TUF,"Kopi Susu Pagi Cup",,,,,,,,,,,,,
1O4TUE,"Kopi Susu Pagi Cup",,,,,,,,,,,,,
1O4TUD,"Kopi Susu Pagi Cup",,,,,,,,,,,,,
1O4TUC,"Strawberry Tea","Kopi Susu Pagi Cup","Air Mineral",,,,,,,,,,,
1O4TUB,"Kopi Susu Pagi Cup","Kopi Susu Malam Cup","Matcha Latte Cup","Lasagna Medium",,,,,,,,,,
1O4TUA,"Kopi Susu Pagi Cup","Americano Ice",,,,,,,,,,,,
1O4TU9,"Kopi Susu Malam Cup","Kopi Susu Pagi Cup","Extra Shot",,,,,,,,,,,
1O4TU8,"Kopi Susu Pagi Cup",Tubruk,"French Fries original",,,,,,,,,,,
1O4TU7,"Americano Hot",,,,,,,,,,,,,
1O4TU6,"Kopi Susu Malam Cup","Kopi Susu Pagi Cup",,,,,,,,,,,,
1O4TU5,"Burger Single Pagikemalam","Lasagna Small",,,,,,,,,,,,
1O4TU4,"Air Mineral",,,,,,,,,,,,,
1O4TU3,"Kopi Susu Pagi Cup","Ayam Kegunting","Strawberry Tea",,,,,,,,,,,
1O4TU2,"Ayam Kegunting","Cookies n Cream",,,,,,,,,,,,
1O4TU1,"Kopi Susu Pagi Cup","Peach Tea",,,,,,,,,,,,
1O4TTZ,"Caramel Macchiato Cup",,,,,,,,,,,,,
1O4TTY,"Cookies n Cream","Kopi Susu Malam Cup","Kopi Susu Pagi Cup","French Fries cheese","Lemon Tea","Ayam Kegunting",,,,,,,,
1O4TTX,"Kopi Susu Malam Cup","Americano Hot","French Fries original",,,,,,,,,,,
1O4TTW,"Ayam Kegunting",,,,,,,,,,,,,
1O4TTV,"Kopi Susu Malam Cup",,,,,,,,,,,,,
1O4TTU,"Kopi Susu Pagi Botol 1lt","Kopi Susu Pagi Botol 250ml",,,,,,,,,,,,
1O4TTT,"Kopi Susu Pagi Cup",Tubruk,"Ayam Kegunting","French Fries original","Americano Hot","Rum Regal",,,,,,,,
1O4TTR,"Air Mineral",,,,,,,,,,,,,
1O4TTQ,"Salted Caramel with Coffee Jelly cup","Kopi Susu Pisang Cup","Americano Hot",,,,,,,,,,,
1O4TTP,"Kopi Susu Pagi Cup",,,,,,,,,,,,,
1O4TTN,"Kopi Susu Pagi Cup",Tubruk,"Kopi Susu Malam Cup","Cappucino Ice","Chocolatte Cup","French Fries original","Lemon Tea","Ayam Kegunting",,,,,,
1O4TTM,"Kopi Susu Pagi Cup","Air Mineral",,,,,,,,,,,,
1O4TTL,"Kopi Susu Pagi Cup","Air Mineral","Strawberry Tea",,,,,,,,,,,
1O4TTK,"Kopi Susu Pagi Cup","Peach Tea",,,,,,,,,,,,
1O4TTJ,"Kopi Susu Pagi Cup",,,,,,,,,,,,,
1O4TTH,"Caramel Macchiato Cup",,,,,,,,,,,,,
1O4TTG,"Kopi Susu Pagi Cup",,,,,,,,,,,,,
1O4TTF,"Kopi Susu Pagi Cup",,,,,,,,,,,,,
1O4TTE,"Kopi Susu Pagi Cup","Purple Breeze",,,,,,,,,,,,
1O4TTC,"Latte Hot",,,,,,,,,,,,,
1O4TTB,"Cookies n Cream","Air Mineral","Kopi Susu Malam Cup",,,,,,,,,,,
1O4TTA,"Ayam Kegunting",,,,,,,,,,,,,
1O4TT9,"Air Mineral",,,,,,,,,,,,,
1O4TT8,"Kopi Susu Pagi Cup",,,,,,,,,,,,,
1O4TT6,"Kopi Susu Pisang Cup","Matcha Latte Cup","Caramel Macchiato Cup","Manual Brew Hot","Ayam Kegunting",,,,,,,,,
1O4TT4,"Kopi Susu Malam Cup",,,,,,,,,,,,,
1O4TT3,"Cappucino Ice",,,,,,,,,,,,,
1O4TT2,"Kopi Susu Malam Cup","Chocolatte Cup","Salmon Mentai Shirataki Small","Strawberry Tea",,,,,,,,,,
1O4TT1,"Red Velvet Cup",,,,,,,,,,,,,
1O4TSY,"Kopi Susu Pagi Cup",,,,,,,,,,,,,
1O4TSX,"Kopi Susu Pagi Cup",,,,,,,,,,,,,
1O4TSW,"Kopi Susu Pagi Cup","Es teh tawar","Strawberry Tea","Air Mineral",,,,,,,,,,
1O4TSV,"Kopi Susu Pisang Cup","Purple Breeze",,,,,,,,,,,,
1O4TSU,"Air Mineral","Strawberry Tea","Kopi Susu Pagi Cup","Ayam Kegunting",,,,,,,,,,
1O4TST,"Ayam Kegunting",,,,,,,,,,,,,
1O4TSS,"Kopi Susu Pagi Cup","Air Mineral",,,,,,,,,,,,
1O4TSR,"Kopi Susu Pisang Botol 1lt",,,,,,,,,,,,,
1O4TSQ,"Kopi Susu Pagi Cup","Kopi Susu Pagi Botol 1lt","Salmon Mentai Rice Medium",,,,,,,,,,,
1O4TSP,"Latte Hot","Ayam Kegunting",,,,,,,,,,,,
1O4TSO,"Kopi Susu Malam Cup",,,,,,,,,,,,,
1O4TSN,"Kopi Susu Pagi Cup","Kopi Susu Pisang Cup",,,,,,,,,,,,
1O4TSM,"Kopi Susu Malam Cup","French Fries original",,,,,,,,,,,,
1O4TSL,"Lasagna Small","Burger Single Pagikemalam",,,,,,,,,,,,
1O4TSK,"Matcha Latte Cup","Kopi Susu Pagi Cup","Ayam Kegunting","Air Mineral",,,,,,,,,,
1O4TSJ,"Kopi Susu Pagi Cup",,,,,,,,,,,,,
1O4TSI,"Kopi Susu Pagi Cup","Kopi Susu Pisang Cup","Air Mineral","Ayam Kegunting","Lemon Tea",,,,,,,,,
1O4TSH,"Kopi Susu Pisang Cup",,,,,,,,,,,,,
1O4TSG,"Kopi Susu Malam Cup","Chocolatte Cup",,,,,,,,,,,,
1O4TSF,"Kopi Susu Pagi Cup",,,,,,,,,,,,,
1O4TSE,"Kopi Susu Malam Cup","Kopi Susu Pagi Cup","Salmon Mentai Shirataki Medium",,,,,,,,,,,
1O4TSD,"Salted Caramel with Coffee Jelly cup",,,,,,,,,,,,,
1O4TSC,"Salmon Mentai Shirataki Medium","Ayam Kegunting",,,,,,,,,,,,
1O4TSB,"Lasagna Medium","Ayam Kegunting","Salmon Mentai Shirataki Small","Purple Breeze",,,,,,,,,,
1O4TS9,"Ayam Kegunting",,,,,,,,,,,,,
1O4TS7,"Kopi Susu Pagi Cup",,,,,,,,,,,,,
1O4TS6,"Kopi Susu Pagi Cup",,,,,,,,,,,,,
1O4TS5,"Kopi Susu Pagi Cup",,,,,,,,,,,,,
1O4TS4,"Red Velvet Cup","Air Mineral","Lychee Tea",,,,,,,,,,,
1O4TS3,"Lemon Tea","Burger Single Blackpepper",,,,,,,,,,,,
1O4TS2,"Kopi Susu Pagi Cup",,,,,,,,,,,,,
1O4TS1,"Burger Double Pagikemalam","Peach Tea",,,,,,,,,,,,
1O4TS0,"Chocolatte Cup",,,,,,,,,,,,,
1O4TRZ,"Purple Breeze",,,,,,,,,,,,,
1O4TRY,"Ayam Kegunting",,,,,,,,,,,,,
1O4TRX,"Lychee Tea",,,,,,,,,,,,,
1O4TRW,"Kopi Susu Pagi Cup","Air Mineral",,,,,,,,,,,,
1O4TRV,"Caramel Macchiato Cup","Ayam Kegunting",,,,,,,,,,,,
1O4TRU,"Kopi Susu Pagi Cup",,,,,,,,,,,,,
1O4TRT,"Chocolatte Cup","Cappucino Ice",,,,,,,,,,,,
1O4TRS,"Cappucino Ice","Lychee Tea","Strawberry Tea","Chocolatte Cup","Lemon Tea",,,,,,,,,
1O4TRR,"Manual Brew Hot",,,,,,,,,,,,,
1O4TRQ,"Air Mineral",,,,,,,,,,,,,
1O4TRP,"Kopi Susu Pagi Cup","Lychee Tea",,,,,,,,,,,,
1O4TRO,"Kopi Susu Pagi Botol 250ml",,,,,,,,,,,,,
1O4TRN,"Kopi Susu Pagi Cup",,,,,,,,,,,,,
1O4TRK,"Ayam Kegunting","French Fries original",,,,,,,,,,,,
1O4TRI,"Kopi Susu Malam Cup","Cookies n Cream",,,,,,,,,,,,
1O4TRG,"Kopi Susu Pagi Cup",,,,,,,,,,,,,
1O4TRF,"Cappucino Ice",,,,,,,,,,,,,
1O4TRE,"Salted Caramel with Coffee Jelly cup","Air Mineral","Ayam Kegunting",,,,,,,,,,,
1O4TRD,"Caramel Macchiato Cup","Lychee Tea","French Fries original","Kopi Susu Pagi Botol 1lt",,,,,,,,,,
1O4TRC,"Chocolatte Cup",,,,,,,,,,,,,
1O4TRB,"Kopi Susu Pagi Cup","Ayam Kegunting",,,,,,,,,,,,
1O4TRA,"Kopi Susu Pagi Cup",,,,,,,,,,,,,
1O4TR9,"Kopi Susu Pagi Cup",,,,,,,,,,,,,
1O4TR8,"Kopi Susu Pagi Botol 250ml",,,,,,,,,,,,,
1O4TR7,"Kopi Susu Pagi Cup","Air Mineral","Ayam Kegunting",,,,,,,,,,,
1O4TR6,"Lasagna Small","Cookies n Cream",,,,,,,,,,,,
1O4TR5,"Latte Hot",,,,,,,,,,,,,
1O4TR4,"Kopi Susu Pisang Cup","Lasagna Medium",,,,,,,,,,,,
1O4TR1,"Kopi Susu Pagi Cup",,,,,,,,,,,,,
1O4TR0,"Kopi Susu Pagi Cup",,,,,,,,,,,,,
1O4TQZ,"Kopi Susu Pagi Cup","Ayam Kegunting","Strawberry Tea","Air Mineral",,,,,,,,,,
1O4TQY,"Chocolatte Cup",,,,,,,,,,,,,
1O4TQX,"Kopi Susu Pagi Cup",,,,,,,,,,,,,
1O4TQW,"Ayam Kegunting",,,,,,,,,,,,,
1O4TQV,"Purple Breeze","Ayam Kegunting",,,,,,,,,,,,
1O4TQU,"Ayam Kegunting",,,,,,,,,,,,,
1O4TQT,"Red Velvet Cup","Ayam Kegunting","Air Mineral",,,,,,,,,,,
1O4TQQ,"Kopi Susu Malam Cup","Kopi Susu Pagi Cup","Salmon Mentai Rice Medium","Salmon Mentai Shirataki Medium",,,,,,,,,,
1O4TQP,"Kopi Susu Pagi Cup",,,,,,,,,,,,,
1O4TQO,"French Fries original","Lasagna Small","Caramel Macchiato Cup","Latte Hot",,,,,,,,,,
1O4TQM,"Kopi Susu Pagi Cup",,,,,,,,,,,,,
1O4TQK,"Air Mineral",,,,,,,,,,,,,
1O4TQJ,"Lemon Tea",,,,,,,,,,,,,
1O4TQI,"Ayam Kegunting",,,,,,,,,,,,,
1O4TQH,"Salted Caramel with Coffee Jelly cup","Chocolatte Cup","Caramel Macchiato Cup","Salmon Mentai Rice Medium","Lychee Tea","Air Mineral",,,,,,,,
1O4TQF,"Kopi Susu Pagi Cup","Burger Single Pagikemalam","Lemon Tea","Chocolatte Cup","French Fries original","Air Mineral",,,,,,,,
1O4TQE,"Kopi Susu Pagi Cup","Latte Ice",,,,,,,,,,,,
1O4TQC,"Kopi Susu Pagi Cup",,,,,,,,,,,,,
1O4TQB,"Chicken Mentai Rice Small","Chicken Mentai Rice Medium",,,,,,,,,,,,
1O4TQA,"Kopi Susu Pagi Cup",,,,,,,,,,,,,
1O4TQ8,"Chocolatte Cup",Espresso,,,,,,,,,,,,
1O4TQ7,"Kopi Susu Malam Cup",,,,,,,,,,,,,
1O4TQ6,"Kopi Susu Pagi Cup",,,,,,,,,,,,,
1O4TQ4,"Kopi Susu Pagi Cup",,,,,,,,,,,,,
1O4TQ3,"Kopi Susu Pagi Cup","Air Mineral","Strawberry Tea",,,,,,,,,,,
1O4TQ2,"Purple Breeze","Peach Tea","Kopi Susu Pagi Cup",,,,,,,,,,,
1O4TQ1,"Manual Brew Hot","French Fries cheese","Americano Hot","Air Mineral",,,,,,,,,,
1O4TQ0,"Caramel Macchiato Cup","Ayam Kegunting",,,,,,,,,,,,
1O4TPZ,"Kopi Susu Malam Cup","Caramel Macchiato Cup","French Fries original","Chocolatte Cup",,,,,,,,,,
1O4TPY,"Kopi Susu Pagi Cup",,,,,,,,,,,,,
1O4TPX,"Kopi Susu Pagi Cup","Caramel Macchiato Cup","French Fries cheese",,,,,,,,,,,
1O4TPW,"Kopi Susu Pagi Cup",,,,,,,,,,,,,
1O4TPV,"Kopi Susu Pisang Cup",,,,,,,,,,,,,
1O4TPU,"Kopi Susu Malam Cup","Air Mineral","French Fries cheese","Lasagna Small",,,,,,,,,,
1O4TPT,"Kopi Susu Malam Botol 1lt",,,,,,,,,,,,,
1O4TPS,"Kopi Susu Malam Cup",,,,,,,,,,,,,
1O4TPR,"Kopi Susu Pisang Cup",,,,,,,,,,,,,
1O4TPQ,"Ayam Kegunting",,,,,,,,,,,,,
1O4TPO,"Ayam Kegunting","Chocolatte Botol 250ml","Red Velvet Botol 250ml",,,,,,,,,,,
1O4TPN,"Kopi Susu Pagi Botol 250ml",,,,,,,,,,,,,
1O4TPM,"Kopi Susu Pagi Cup","Kopi Susu Pisang Cup",,,,,,,,,,,,
1O4TPK,"Kopi Susu Pagi Cup",,,,,,,,,,,,,
1O4TPI,"Kopi Susu Malam Cup","Kopi Susu Pagi Cup",,,,,,,,,,,,
1O4TPH,"Kopi Susu Pagi Cup",,,,,,,,,,,,,
1O4TPG,"Purple Breeze","Americano Hot","Ayam Kegunting","Es teh tawar",,,,,,,,,,
1O4TPF,"Kopi Susu Pagi Cup",,,,,,,,,,,,,
1O4TPE,"Purple Breeze","Es teh tawar","Kopi Susu Pagi Cup",,,,,,,,,,,
1O4TPD,"Kopi Susu Pagi Cup",,,,,,,,,,,,,
1O4TPC,"Kopi Susu Pagi Cup","Strawberry Tea",,,,,,,,,,,,
1O4TPB,"Kopi Susu Pagi Cup",,,,,,,,,,,,,
1O4TPA,Tubruk,,,,,,,,,,,,,
1O4TP9,"Caramel Macchiato Cup",,,,,,,,,,,,,
1O4TP8,"Kopi Susu Pagi Cup",,,,,,,,,,,,,
1O4TP7,"Kopi Susu Pisang Cup",,,,,,,,,,,,,
1O4TP6,"Latte Ice",,,,,,,,,,,,,
1O4TP5,"Salmon Mentai Rice Small",,,,,,,,,,,,,
1O4TP3,"Kopi Susu Malam Cup","Kopi Susu Pagi Cup",,,,,,,,,,,,
1O4TP2,"Kopi Susu Pagi Cup","Matcha Latte Cup",,,,,,,,,,,,
1O4TP1,"Kopi Susu Pagi Cup",,,,,,,,,,,,,
1O4TP0,"Air Mineral","Hot Tea",,,,,,,,,,,,
1O4TOZ,"Cappucino Ice","Cookies n Cream",,,,,,,,,,,,
1O4TOY,"Kopi Susu Pagi Cup",,,,,,,,,,,,,
1O4TOX,"Kopi Susu Pagi Cup",,,,,,,,,,,,,
1O4TOW,"Latte Hot","French Fries original",,,,,,,,,,,,
1O4TOV,"Ayam Kegunting",,,,,,,,,,,,,
1O4TOU,"Kopi Susu Pagi Cup",,,,,,,,,,,,,
1O4TOT,"Kopi Susu Malam Botol 250ml","Kopi Susu Pagi Botol 250ml","Red Velvet Botol 250ml","Burger Single Pagikemalam","Burger Single Mentai",,,,,,,,,
1O4TOR,"Caramel Macchiato Cup","French Fries original","Lemon Tea","Burger Single Blackpepper","Cappucino Ice","Kopi Susu Pagi Cup",,,,,,,,
1O4TOP,"Kopi Susu Pagi Cup",,,,,,,,,,,,,
1O4TOO,"Kopi Susu Malam Cup","Lasagna Small",,,,,,,,,,,,
1O4TOM,"Kopi Susu Malam Cup",,,,,,,,,,,,,
1O4TOL,"Kopi Susu Pagi Cup","Ayam Kegunting",,,,,,,,,,,,
1O4TOK,"Kopi Susu Pagi Cup","Matcha Latte Cup","French Fries cheese",,,,,,,,,,,
1O4TOJ,"Kopi Susu Pagi Cup",,,,,,,,,,,,,
1O4TOI,"Kopi Susu Pagi Cup",,,,,,,,,,,,,
1O4TOH,"Kopi Susu Pagi Cup",,,,,,,,,,,,,
1O4TOG,"Kopi Susu Pagi Cup",,,,,,,,,,,,,
1O4TOF,"Kopi Susu Pagi Cup",,,,,,,,,,,,,
1O4TOE,"Kopi Susu Pagi Botol 250ml","Kopi Susu Malam Botol 250ml","Kopi Susu Pagi Botol 1lt","Lasagna Medium",,,,,,,,,,
1O4TOD,"Americano Hot","Kopi Susu Malam Cup",,,,,,,,,,,,
1O4TOC,"Kopi Susu Pagi Cup",,,,,,,,,,,,,
1O4TOB,"Kopi Susu Pagi Cup",,,,,,,,,,,,,
1O4TOA,"Cappucino Ice",,,,,,,,,,,,,
1O4TO9,"Kopi Susu Pagi Cup",,,,,,,,,,,,,
1O4TO7,"French Fries original","Peach Tea",,,,,,,,,,,,
1O4TO6,"Kopi Susu Malam Cup",,,,,,,,,,,,,
1O4TO5,"Kopi Susu Malam Cup",,,,,,,,,,,,,
1O4TO4,"Kopi Susu Pagi Cup",,,,,,,,,,,,,
1O4TO3,"Lychee Tea",,,,,,,,,,,,,
1O4TO2,"Kopi Susu Pagi Cup",,,,,,,,,,,,,
1O4TO1,"Peach Tea",,,,,,,,,,,,,
1O4TO0,"Air Mineral",,,,,,,,,,,,,
1O4TNZ,"Caramel Macchiato Cup",,,,,,,,,,,,,
1O4TNY,"Peach Tea","Burger Double Mentai",,,,,,,,,,,,
1O4TNX,"Kopi Susu Pagi Cup",,,,,,,,,,,,,
1O4TNW,"Kopi Susu Pagi Cup","Ayam Kegunting","Kopi Susu Pagi Botol 250ml",,,,,,,,,,,
1O4TNV,"Kopi Susu Pagi Cup",,,,,,,,,,,,,
1O4TNU,"Kopi Susu Pagi Cup",,,,,,,,,,,,,
1O4TNT,"Ayam Kegunting","Kopi Susu Pagi Cup",,,,,,,,,,,,
1O4TNR,"Latte Hot","Lychee Tea",,,,,,,,,,,,
1O4TNQ,"Cappucino Hot",,,,,,,,,,,,,
1O4TNP,"Kopi Susu Pagi Cup","French Fries original",,,,,,,,,,,,
1O4TNO,"Chocolatte Cup",,,,,,,,,,,,,
1O4TNN,"Kopi Susu Pagi Cup",,,,,,,,,,,,,
1O4TNM,"Kopi Susu Pagi Cup","Americano Ice",,,,,,,,,,,,
1O4TNL,"Burger Single Pagikemalam",,,,,,,,,,,,,
1O4TNK,"Chocolatte Cup",,,,,,,,,,,,,
1O4TNJ,"Air Mineral","Ayam Kegunting","Kopi Susu Pagi Cup",,,,,,,,,,,
1O4TNI,"Kopi Susu Pagi Cup","Kopi Susu Malam Cup",,,,,,,,,,,,
1O4TNH,"Salmon Mentai Rice Small","Salmon Mentai Rice Medium","Kopi Susu Malam Cup","Kopi Susu Pagi Cup",,,,,,,,,,
1O4TNG,"Latte Ice","Cookies n Cream","Lasagna Small",,,,,,,,,,,
1O4TNF,"Kopi Susu Pagi Cup",,,,,,,,,,,,,
1O4TNE,"Lychee Tea",,,,,,,,,,,,,
1O4TND,"Latte Hot",,,,,,,,,,,,,
1O4TNC,"Kopi Susu Pagi Cup",,,,,,,,,,,,,
1O4TNA,"Kopi Susu Pagi Cup",,,,,,,,,,,,,
1O4TN9,"Kopi Susu Pagi Cup","Americano Hot",,,,,,,,,,,,
1O4TN8,"Chocolatte Botol 250ml","Ayam Kegunting",,,,,,,,,,,,
1O4TN7,"Kopi Susu Pagi Cup","Peach Tea",,,,,,,,,,,,
1O4TN6,"Air Mineral",,,,,,,,,,,,,
1O4TN5,"Lychee Tea",,,,,,,,,,,,,
1O4TN4,"Strawberry Tea","Kopi Susu Pagi Botol 250ml",,,,,,,,,,,,
1O4TN3,"Kopi Susu Pagi Cup",,,,,,,,,,,,,
1O4TN2,"Salmon Mentai Rice Small",,,,,,,,,,,,,
1O4TN1,"Kopi Susu Malam Cup","Kopi Susu Pagi Cup",,,,,,,,,,,,
1O4TN0,"Caramel Macchiato Cup","French Fries original",,,,,,,,,,,,
1O4TMZ,"Kopi Susu Pagi Cup",,,,,,,,,,,,,
1O4TMY,"Kopi Susu Malam Cup","Chocolatte Cup",,,,,,,,,,,,
1O4TMX,"Kopi Susu Pisang Cup",,,,,,,,,,,,,
1O4TMW,"Kopi Susu Pagi Cup","French Fries original",,,,,,,,,,,,
1O4TMV,"Ayam Kegunting","Kopi Susu Pagi Cup",,,,,,,,,,,,
1O4TMU,"Kopi Susu Malam Cup",,,,,,,,,,,,,
1O4TMT,"Kopi Susu Pisang Cup",,,,,,,,,,,,,
1O4TMS,"Kopi Susu Pisang Cup","Salmon Mentai Rice Medium",,,,,,,,,,,,
1O4TMR,"Kopi Susu Pagi Cup",,,,,,,,,,,,,
1O4TMQ,"Kopi Susu Pagi Cup",,,,,,,,,,,,,
1O4TMP,"Ayam Kegunting",,,,,,,,,,,,,
1O4TML,"Macaroni Panggang Small","Kopi Susu Pagi Cup","Ayam Kegunting",,,,,,,,,,,
1O4TMK,"Red Velvet Cup","Salted Caramel with Coffee Jelly cup","Matcha Latte Cup","Latte Ice","Strawberry Tea","Cookies n Cream","Ayam Kegunting","Air Mineral",,,,,,
1O4TMH,"Kopi Susu Malam Cup",,,,,,,,,,,,,
1O4TMG,"Burger Double Pagikemalam",,,,,,,,,,,,,
1O4TMF,"Salmon Mentai Rice Small","Ayam Kegunting","Lychee Tea","Latte Ice",,,,,,,,,,
1O4TME,"Kopi Susu Malam Cup",,,,,,,,,,,,,
1O4TMD,"Caramel Macchiato Cup","Burger Single Pagikemalam","Kopi Susu Malam Cup","Air Mineral","Ayam Kegunting","Kopi Susu Pagi Cup",,,,,,,,
1O4TMC,"Kopi Susu Pagi Cup",,,,,,,,,,,,,
1O4TMB,"Kopi Susu Malam Cup","Manual Brew Hot",,,,,,,,,,,,
1O4TMA,"Kopi Susu Pagi Cup",,,,,,,,,,,,,
1O4TM9,"Kopi Susu Malam Cup","Kopi Susu Pagi Cup",,,,,,,,,,,,
1O4TM8,"Americano Ice",,,,,,,,,,,,,
1O4TM7,"Kopi Susu Pagi Cup",,,,,,,,,,,,,
1O4TM6,"Latte Ice","Lasagna Small",,,,,,,,,,,,
1O4TM5,"Kopi Susu Pagi Cup","Air Mineral",,,,,,,,,,,,
1O4TM4,"Air Mineral","Strawberry Tea",,,,,,,,,,,,
1O4TM3,"Purple Breeze","Strawberry Tea",,,,,,,,,,,,
1O4TM2,"Hot Tea","Kopi Susu Pagi Cup","Es teh tawar",,,,,,,,,,,
1O4TM1,"Kopi Susu Pagi Cup",,,,,,,,,,,,,
1O4TM0,"Kopi Susu Pagi Cup","Salted Caramel with Coffee Jelly cup",,,,,,,,,,,,
1O4TLZ,"Kopi Susu Pagi Cup",,,,,,,,,,,,,
1O4TLX,"Kopi Susu Pagi Cup","Matcha Latte Cup","Lasagna Small","Ayam Kegunting","Peach Tea","Macaroni Panggang Small","Lychee Tea","Burger Single Pagikemalam",,,,,,
1O4TLW,"Kopi Susu Pagi Cup",,,,,,,,,,,,,
1O4TLV,"Kopi Susu Pagi Cup",,,,,,,,,,,,,
1O4TLU,"Kopi Susu Malam Cup",,,,,,,,,,,,,
1O4TLT,"Kopi Susu Pagi Cup","Strawberry Tea","Air Mineral","Kopi Susu Pagi Botol 250ml",,,,,,,,,,
1O4TLS,"Kopi Susu Pagi Cup","Air Mineral","Strawberry Tea","Ayam Kegunting",,,,,,,,,,
1O4TLR,"Kopi Susu Pagi Cup",,,,,,,,,,,,,
1O4TLQ,"Kopi Susu Pagi Cup",,,,,,,,,,,,,
1O4TLP,"Kopi Susu Malam Cup",,,,,,,,,,,,,
1O4TLO,"Cookies n Cream","Rum Regal","Macaroni Panggang Small",,,,,,,,,,,
1O4TLN,"Ayam Kegunting",,,,,,,,,,,,,
1O4TLM,"Kopi Susu Malam Cup","Lasagna Medium",,,,,,,,,,,,
1O4TLL,"Cookies n Cream","Air Mineral","Kopi Susu Malam Cup","Peach Tea","Ayam Kegunting","Lychee Tea","Strawberry Milky Rum with Coffee Jelly","Purple Breeze","Americano Ice","Kopi Susu Pagi Cup",,,,
1O4TLK,"Lychee Tea",,,,,,,,,,,,,
1O4TLJ,"Kopi Susu Malam Cup",,,,,,,,,,,,,
1O4TLH,"Kopi Susu Pagi Cup",,,,,,,,,,,,,
1O4TLG,"Kopi Susu Pagi Cup",,,,,,,,,,,,,
1O4TLE,"Kopi Susu Pagi Cup",,,,,,,,,,,,,
1O4TLD,"Salted Caramel with Coffee Jelly cup",,,,,,,,,,,,,
1O4TLC,"Kopi Susu Pagi Cup",,,,,,,,,,,,,
1O4TLB,"Kopi Susu Pagi Cup","Strawberry Tea","Ayam Kegunting","Air Mineral",,,,,,,,,,
1O4TLA,"Kopi Susu Malam Cup",,,,,,,,,,,,,
1O4TL9,"Cappucino Ice","Kopi Susu Malam Cup","Chocolatte Cup",,,,,,,,,,,
1O4TL8,"Kopi Susu Malam Cup",,,,,,,,,,,,,
1O4TL7,"Caramel Macchiato Cup","French Fries cheese",,,,,,,,,,,,
1O4TL6,"Kopi Susu Pagi Cup",,,,,,,,,,,,,
1O4TL5,"Kopi Susu Pagi Cup","Chocolatte Cup",,,,,,,,,,,,
1O4TL4,"Kopi Susu Pagi Cup","Ayam Kegunting",,,,,,,,,,,,
1O4TL0,"Kopi Susu Malam Cup",,,,,,,,,,,,,
1O4TKZ,"Kopi Susu Pagi Cup","Air Mineral",,,,,,,,,,,,
1O4TKY,"Kopi Susu Pagi Cup","Air Mineral",,,,,,,,,,,,
1O4TKX,"Burger Single Pagikemalam","Macaroni Panggang Small","Salmon Mentai Shirataki Small","Kopi Susu Pagi Botol 250ml","Kopi Susu Malam Botol 250ml","Red Velvet Botol 250ml",,,,,,,,
1O4TKW,"Kopi Susu Pagi Cup",,,,,,,,,,,,,
1O4TKV,"Kopi Susu Pagi Cup",,,,,,,,,,,,,
1O4TKT,"Kopi Susu Pagi Cup",,,,,,,,,,,,,
1O4TKS,"Kopi Susu Malam Cup","Strawberry Tea",,,,,,,,,,,,
1O4TKR,"Kopi Susu Pagi Cup",,,,,,,,,,,,,
1O4TKQ,"Kopi Susu Malam Botol 250ml","Kopi Susu Pagi Botol 250ml","Red Velvet Botol 250ml","Chocolatte Botol 250ml","Lasagna Small","Salmon Mentai Shirataki Medium",,,,,,,,
1O4TKP,"Kopi Susu Malam Cup",,,,,,,,,,,,,
1O4TKO,"Kopi Susu Pisang Cup","Ayam Kegunting",,,,,,,,,,,,
1O4TKN,"Kopi Susu Pagi Botol 1lt","Kopi Susu Malam Cup",,,,,,,,,,,,
1O4TKM,"Kopi Susu Pagi Botol 1lt","Kopi Susu Pagi Botol 250ml",,,,,,,,,,,,
1O4TKL,"Kopi Susu Malam Cup",,,,,,,,,,,,,
1O4TKK,"Kopi Susu Pagi Cup",,,,,,,,,,,,,
1O4TKJ,"Kopi Susu Pagi Cup",,,,,,,,,,,,,
1O4TKI,"Kopi Susu Malam Cup","Kopi Susu Pagi Cup",,,,,,,,,,,,
1O4TKH,"Cappucino Hot",,,,,,,,,,,,,
1O4TKG,"Ayam Kegunting",,,,,,,,,,,,,
1O4TKF,"Latte Hot",,,,,,,,,,,,,
1O4TKE,"Kopi Susu Malam Cup","Ayam Kegunting",,,,,,,,,,,,
1O4TKD,"Kopi Susu Malam Cup",,,,,,,,,,,,,
1O4TKC,"Lasagna Small","Ayam Kegunting",,,,,,,,,,,,
1O4TKB,"Chicken Mentai Rice Medium","French Fries original","Lemon Tea",,,,,,,,,,,
1O4TKA,"Cookies n Cream","Lemon Tea","Burger Single Mentai",,,,,,,,,,,
1O4TK8,"Cookies n Cream","Kopi Susu Malam Cup",,,,,,,,,,,,
1O4TK7,"Strawberry Milky Rum with Coffee Jelly",,,,,,,,,,,,,
1O4TK5,"Ayam Kegunting","Salmon Mentai Shirataki Medium","Lasagna Medium","Macaroni Panggang Medium",,,,,,,,,,
1O4TK4,"Cappucino Ice","Kopi Susu Pisang Cup",,,,,,,,,,,,
1O4TK3,"Purple Breeze","Matcha Latte Cup","Kopi Susu Pagi Cup","Caramel Macchiato Cup","French Fries cheese","Ayam Kegunting",,,,,,,,
1O4TK2,"Latte Ice","Lychee Tea",,,,,,,,,,,,
1O4TK1,"Kopi Susu Pisang Cup","Kopi Susu Malam Cup",,,,,,,,,,,,
1O4TJZ,Tubruk,"Matcha Latte Cup","Latte Ice","Air Mineral",,,,,,,,,,
1O4TJY,"Kopi Susu Pagi Cup","Strawberry Tea",,,,,,,,,,,,
1O4TJX,"Caramel Macchiato Cup","Matcha Latte Cup",,,,,,,,,,,,
1O4TJW,"Kopi Susu Pagi Cup","Caramel Macchiato Cup","Burger Single Teriyaki","Cappucino Ice","Burger Single Blackpepper","Hot Tea","French Fries original",,,,,,,
1O4TJV,"Kopi Susu Pagi Cup","Kopi Susu Malam Cup",,,,,,,,,,,,
1O4TJU,"Kopi Susu Pagi Cup",,,,,,,,,,,,,
1O4TJT,"Kopi Susu Pagi Botol 250ml","Ayam Kegunting","Salmon Mentai Rice Medium",,,,,,,,,,,
1O4TJS,"Latte Hot","Chocolatte Cup",,,,,,,,,,,,
1O4TJR,"Salmon Mentai Shirataki Medium",,,,,,,,,,,,,
1O4TJQ,"Kopi Susu Pisang Cup",,,,,,,,,,,,,
1O4TJP,"Kopi Susu Pagi Cup",,,,,,,,,,,,,
1O4TJN,"Ayam Kegunting","Latte Hot","Macaroni Panggang Medium","Chocolatte Cup",,,,,,,,,,
1O4TJM,"Kopi Susu Pagi Cup",,,,,,,,,,,,,
1O4TJL,"Kopi Susu Pagi Cup","Strawberry Tea","Ayam Kegunting","Air Mineral",,,,,,,,,,
1O4TJK,"Purple Breeze",,,,,,,,,,,,,
1O4TJJ,"Kopi Susu Pagi Cup","Es teh tawar","Hot Tea","Chicken Mentai Rice Small","Lasagna Small",,,,,,,,,
1O4TJH,"Americano Ice","Purple Breeze",,,,,,,,,,,,
1O4TJD,"Chicken Mentai Rice Medium","Kopi Susu Pagi Cup","Purple Breeze","Peach Tea",,,,,,,,,,
1O4TJC,"Kopi Susu Pagi Cup","Matcha Latte Cup","Purple Breeze","Strawberry Milky Rum with Coffee Jelly","Latte Hot",,,,,,,,,
1O4TJB,"Kopi Susu Pagi Cup",,,,,,,,,,,,,
1O4TJA,"Kopi Susu Pagi Cup",,,,,,,,,,,,,
1O4TJ9,"Kopi Susu Pagi Cup",,,,,,,,,,,,,
1O4TJ8,"Cappucino Ice",,,,,,,,,,,,,
1O4TJ7,"Burger Single Pagikemalam",,,,,,,,,,,,,
1O4TJ6,"Air Mineral",,,,,,,,,,,,,
1O4TJ5,"Burger Double Mentai",,,,,,,,,,,,,
1O4TJ4,"Kopi Susu Malam Cup","Hot Tea",,,,,,,,,,,,
1O4TJ3,"Kopi Susu Pagi Cup",,,,,,,,,,,,,
1O4TJ2,"Caramel Macchiato Cup","Chocolatte Cup",,,,,,,,,,,,
1O4TJ1,"Kopi Susu Pagi Cup",,,,,,,,,,,,,
1O4TJ0,"Lasagna Small",,,,,,,,,,,,,
1O4TIY,"Lasagna Medium",,,,,,,,,,,,,
1O4TIX,"Americano Ice","Cookies n Cream",,,,,,,,,,,,
1O4TIU,"Kopi Susu Pagi Cup",,,,,,,,,,,,,
1O4TIT,"Kopi Susu Pagi Cup",,,,,,,,,,,,,
1O4TIS,"Kopi Susu Pagi Cup",,,,,,,,,,,,,
1O4TIR,"Strawberry Milky Rum with Coffee Jelly",,,,,,,,,,,,,
1O4TIQ,Tubruk,,,,,,,,,,,,,
1O4TIP,"Ayam Kegunting","Kopi Susu Pisang Cup",,,,,,,,,,,,
1O4TIO,"Kopi Susu Pisang Cup","Ayam Kegunting",,,,,,,,,,,,
1O4TIN,"Kopi Susu Pagi Cup",,,,,,,,,,,,,
1O4TIM,"Kopi Susu Pagi Cup","Air Mineral","Kopi Susu Pisang Cup",,,,,,,,,,,
1O4TIL,"Kopi Susu Pagi Cup",,,,,,,,,,,,,
1O4TIK,"Kopi Susu Pagi Cup","Matcha Latte Cup","Strawberry Milky Rum with Coffee Jelly","Macaroni Panggang Small","Lasagna Small","Peach Tea","Burger Single Pagikemalam","French Fries cheese","Ayam Kegunting",,,,,
1O4TII,"Kopi Susu Malam Cup",,,,,,,,,,,,,
1O4TIG,"Kopi Susu Pagi Botol 1lt",,,,,,,,,,,,,
1O4TIF,"Air Mineral",,,,,,,,,,,,,
1O4TIE,"Kopi Susu Pagi Cup",,,,,,,,,,,,,
1O4TID,"Kopi Susu Pagi Cup",,,,,,,,,,,,,
1O4TIC,"Kopi Susu Pagi Cup",,,,,,,,,,,,,
1O4TIB,"Strawberry Tea","Ayam Kegunting","Kopi Susu Pisang Cup","Air Mineral","Kopi Susu Pagi Cup",,,,,,,,,
1O4TIA,"Kopi Susu Pagi Cup","Air Mineral",,,,,,,,,,,,
1O4TI9,"Kopi Susu Pagi Botol 250ml","Salmon Mentai Rice Medium",,,,,,,,,,,,
1O4TI8,"Kopi Susu Pagi Cup",,,,,,,,,,,,,
1O4TI7,"Ayam Kegunting",,,,,,,,,,,,,
1O4TI6,"Latte Hot",,,,,,,,,,,,,
1O4TI5,"Latte Ice",,,,,,,,,,,,,
1O4TI4,"Peach Tea","Strawberry Tea","Kopi Susu Pisang Cup","Burger Double Mentai","Ayam Kegunting","Kopi Susu Pagi Cup","Es teh tawar","Es teh manis",,,,,,
1O4TI3,"Es teh tawar","Purple Breeze",,,,,,,,,,,,
1O4TI2,"Kopi Susu Pagi Cup","Es teh tawar","Ayam Kegunting",,,,,,,,,,,
1O4TI1,"Lychee Tea",,,,,,,,,,,,,
1O4TI0,"Strawberry Tea",,,,,,,,,,,,,
1O4THZ,"Lychee Tea","Ayam Kegunting","French Fries cheese","Chocolatte Cup",,,,,,,,,,
1O4THX,"Kopi Susu Pagi Cup",,,,,,,,,,,,,
1O4THW,"Kopi Susu Pagi Cup",,,,,,,,,,,,,
1O4THV,"Salted Caramel with Coffee Jelly cup","Burger Single Blackpepper","Burger Single Pagikemalam","Burger Double Pagikemalam","French Fries cheese","Cookies n Cream","Strawberry Milky Rum with Coffee Jelly","Kopi Susu Malam Cup","Kopi Susu Pisang Cup","Strawberry Tea","Ayam Kegunting","Es teh tawar","Lemon Tea",
1O4THU,"Red Velvet Botol 1lt",,,,,,,,,,,,,
1O4THT,"Chocolatte Cup","Cappucino Ice","Caramel Macchiato Cup",,,,,,,,,,,
1O4THS,"Kopi Susu Pagi Cup","Kopi Susu Malam Cup",,,,,,,,,,,,
1O4THR,"Ayam Kegunting","Purple Breeze",,,,,,,,,,,,
1O4THP,"Kopi Susu Pagi Botol 250ml",,,,,,,,,,,,,
1O4THO,"Kopi Susu Malam Cup",,,,,,,,,,,,,
1O4THN,"Kopi Susu Malam Cup",,,,,,,,,,,,,
1O4THM,"Kopi Susu Pagi Cup","Purple Breeze","Ayam Kegunting",,,,,,,,,,,
1O4THL,"Kopi Susu Pagi Cup",,,,,,,,,,,,,
1O4THK,"Kopi Susu Pagi Cup","Air Mineral","Es teh manis",,,,,,,,,,,
1O4THJ,"Americano Ice","Kopi Susu Pagi Cup",,,,,,,,,,,,
1O4THI,"Kopi Susu Pisang Cup",,,,,,,,,,,,,
1O4THH,"Cappucino Ice",,,,,,,,,,,,,
1O4THG,"Hazelnut Latte","Kopi Susu Pisang Cup",,,,,,,,,,,,
1O4THF,"Kopi Susu Pagi Botol 1lt",,,,,,,,,,,,,
1O4THE,"Kopi Susu Pagi Cup","Kopi Susu Malam Cup",,,,,,,,,,,,
1O4THD,"Kopi Susu Pagi Cup",,,,,,,,,,,,,
1O4THC,"Red Velvet Cup",,,,,,,,,,,,,
1O4THB,"Peach Tea","Air Mineral",,,,,,,,,,,,
1O4THA,"Salted Caramel with Coffee Jelly cup","Kopi Susu Pagi Cup","Air Mineral","Salmon Mentai Shirataki Medium",,,,,,,,,,
1O4TH9,"Kopi Susu Pagi Cup","Ayam Kegunting","Air Mineral","Kopi Susu Pagi Botol 250ml",,,,,,,,,,
1O4TH8,"Peach Tea","Ayam Kegunting",,,,,,,,,,,,
1O4TH7,"Lemon Tea",,,,,,,,,,,,,
1O4TH6,"Red Velvet Cup","Latte Ice","Caramel Macchiato Cup","Salmon Mentai Rice Medium","Cappucino Ice",,,,,,,,,
1O4TH2,"Lemon Tea",,,,,,,,,,,,,
1O4TH1,"Kopi Susu Pagi Cup",,,,,,,,,,,,,
1O4TH0,"Kopi Susu Pagi Cup","Kopi Susu Malam Cup",,,,,,,,,,,,
1O4TGZ,"Kopi Susu Pagi Cup","Ayam Kegunting",,,,,,,,,,,,
1O4TGY,"Kopi Susu Malam Cup","Lychee Tea",,,,,,,,,,,,
1O4TGX,"Red Velvet Cup","Salted Caramel with Coffee Jelly cup","Air Mineral",Tubruk,"Macaroni Panggang Medium","Lasagna Medium",,,,,,,,
1O4TGW,"Kopi Susu Pagi Cup","Salted Caramel with Coffee Jelly cup","Ayam Kegunting",,,,,,,,,,,
1O4TGV,"Air Mineral","Chocolatte Cup","Cookies n Cream","Red Velvet Cup","Salted Caramel with Coffee Jelly cup","Kopi Susu Malam Cup","Kopi Susu Pisang Cup","Kopi Susu Pagi Cup","Ayam Kegunting",,,,,
1O4TGU,"Lasagna Small","Kopi Susu Pagi Cup",,,,,,,,,,,,
1O4TGT,"Kopi Susu Malam Cup","Kopi Susu Pagi Cup",,,,,,,,,,,,
1O4TGS,"Kopi Susu Pagi Cup","Air Mineral",,,,,,,,,,,,
1O4TGR,"Kopi Susu Pagi Cup","Ayam Kegunting","Es teh tawar","Es teh manis",,,,,,,,,,
1O4TGQ,"Kopi Susu Pagi Cup","Lychee Tea","Air Mineral","Purple Breeze",,,,,,,,,,
1O4TGP,"Kopi Susu Pagi Cup",,,,,,,,,,,,,
1O4TGO,"Hazelnut Latte","Rum Regal","Air Mineral","Ayam Kegunting",,,,,,,,,,
1O4TGN,"Kopi Susu Pagi Cup",,,,,,,,,,,,,
1O4TGM,"Ayam Kegunting","Salmon Mentai Shirataki Small",,,,,,,,,,,,
1O4TGL,"Kopi Susu Malam Cup","Burger Double Blackpepper",,,,,,,,,,,,
1O4TGK,"Kopi Susu Malam Cup","Kopi Susu Pagi Cup",,,,,,,,,,,,
1O4TGJ,"Kopi Susu Pisang Cup",,,,,,,,,,,,,
1O4TGI,"Kopi Susu Malam Cup",,,,,,,,,,,,,
1O4TGH,"Kopi Susu Malam Cup","Kopi Susu Pagi Cup","Cookies n Cream","Ayam Kegunting",,,,,,,,,,
1O4TGG,"Kopi Susu Pagi Cup",,,,,,,,,,,,,
1O4TGF,"Kopi Susu Pagi Cup",,,,,,,,,,,,,
1O4TGE,"Salmon Mentai Rice Medium","Kopi Susu Malam Cup",,,,,,,,,,,,
1O4TGD,"Kopi Susu Pagi Cup",,,,,,,,,,,,,
1O4TGC,"Kopi Susu Pagi Cup",,,,,,,,,,,,,
1O4TGB,"Kopi Susu Malam Cup",,,,,,,,,,,,,
1O4TGA,"Kopi Susu Malam Cup",,,,,,,,,,,,,
